/*official script*/

CREATE DATABASE  IF NOT EXISTS `auction` /*!40100 DEFAULT CHARACTER SET utf8mb4 COLLATE utf8mb4_0900_ai_ci */ /*!80016 DEFAULT ENCRYPTION='N' */;
USE `auction`;
-- MySQL dump 10.13  Distrib 8.0.18, for Win64 (x86_64)
--
-- Host: localhost    Database: auction
-- ------------------------------------------------------
-- Server version	8.0.18

/*!40101 SET @OLD_CHARACTER_SET_CLIENT=@@CHARACTER_SET_CLIENT */;
/*!40101 SET @OLD_CHARACTER_SET_RESULTS=@@CHARACTER_SET_RESULTS */;
/*!40101 SET @OLD_COLLATION_CONNECTION=@@COLLATION_CONNECTION */;
/*!50503 SET NAMES utf8 */;
/*!40103 SET @OLD_TIME_ZONE=@@TIME_ZONE */;
/*!40103 SET TIME_ZONE='+00:00' */;
/*!40014 SET @OLD_UNIQUE_CHECKS=@@UNIQUE_CHECKS, UNIQUE_CHECKS=0 */;
/*!40014 SET @OLD_FOREIGN_KEY_CHECKS=@@FOREIGN_KEY_CHECKS, FOREIGN_KEY_CHECKS=0 */;
/*!40101 SET @OLD_SQL_MODE=@@SQL_MODE, SQL_MODE='NO_AUTO_VALUE_ON_ZERO' */;
/*!40111 SET @OLD_SQL_NOTES=@@SQL_NOTES, SQL_NOTES=0 */;
--
-- Table structure for table `category`
--

DROP TABLE IF EXISTS `category`;
/*!40101 SET @saved_cs_client     = @@character_set_client */;
/*!50503 SET character_set_client = utf8mb4 */;
CREATE TABLE `category` (
  `id` int(11) NOT NULL AUTO_INCREMENT,
  `name` varchar(45) DEFAULT NULL,
  `parent` int(11) DEFAULT NULL,
  PRIMARY KEY (`id`),
  KEY `category-category_idx` (`parent`),
  CONSTRAINT `category-category` FOREIGN KEY (`parent`) REFERENCES `category` (`id`)
) ENGINE=InnoDB AUTO_INCREMENT=21 DEFAULT CHARSET=utf8mb4 COLLATE=utf8mb4_0900_ai_ci;
/*!40101 SET character_set_client = @saved_cs_client */;

--
-- Dumping data for table `category`
--

LOCK TABLES `category` WRITE;
/*!40000 ALTER TABLE `category` DISABLE KEYS */;
INSERT INTO `category` VALUES (1,'Continent',NULL),(2,'Ocean',NULL),(3,'Sky',NULL),(4,'Space',NULL),(5,'Plain',1),(6,'Mountain',1),(7,'Valley',1),(8,'Forest',1),(9,'Surface Ocean',2),(10,'Deep Ocean',2),(11,'Seafloor Sediments',2),(12,'Troposphere',3),(13,'Stratosphere',3),(14,'Mesosphere',3),(15,'Thermosphere',3),(16,'Exosphere',3),(17,'Star',4),(18,'Galaxy',4),(19,'Cosmos',4),(20,'Universe',4);
/*!40000 ALTER TABLE `category` ENABLE KEYS */;
UNLOCK TABLES;

--
-- Table structure for table `product`
--

DROP TABLE IF EXISTS `product`;
/*!40101 SET @saved_cs_client     = @@character_set_client */;
/*!50503 SET character_set_client = utf8mb4 */;
CREATE TABLE `product` (
  `id` int(11) NOT NULL AUTO_INCREMENT,
  `name` varchar(45) NOT NULL,
  `seller` int(11) NOT NULL,
  `start` datetime NOT NULL DEFAULT CURRENT_TIMESTAMP,
  `end` datetime NOT NULL,
  `cap` float unsigned NOT NULL,
  `current` float unsigned NOT NULL DEFAULT '0',
  `holder` int(11) DEFAULT NULL,
  `info` varchar(45) DEFAULT NULL,
  `bids` int(10) unsigned NOT NULL DEFAULT '0',
  `description` longtext,
  `category` int(11) DEFAULT NULL,
  `image` longtext NOT NULL,
  `subimage1` longtext NOT NULL,
  `subimage2` longtext NOT NULL,
  `subimage3` longtext NOT NULL,
  `status` varchar(45) DEFAULT NULL,
  PRIMARY KEY (`id`),
  KEY `product-seller_idx` (`seller`),
  KEY `product-holder_idx` (`holder`,`info`),
  KEY `product-category_idx` (`category`),
  FULLTEXT KEY `name` (`name`,`description`),
  CONSTRAINT `product-category` FOREIGN KEY (`category`) REFERENCES `category` (`id`),
  CONSTRAINT `product-seller` FOREIGN KEY (`seller`) REFERENCES `user` (`id`)
) ENGINE=InnoDB AUTO_INCREMENT=39 DEFAULT CHARSET=utf8mb4 COLLATE=utf8mb4_0900_ai_ci;
/*!40101 SET character_set_client = @saved_cs_client */;

--
-- Dumping data for table `product`
--

LOCK TABLES `product` WRITE;
/*!40000 ALTER TABLE `product` DISABLE KEYS */;
INSERT INTO `product` VALUES (1,'Smile Face',1,'2019-12-27 20:47:00','2020-01-01 00:00:00',200,22,2,'Derek Zohar',3,'<p>The Mona Lisa might have the most iconic smile in history, but one could argue the yellow smiley face comes',1,'/assets/img/smile.png','/assets/img/crying.png','/assets/img/happy.png','/assets/img/thinking.png','sold'),(2,'Smile Face',1,'2019-12-27 20:47:52','2020-01-01 00:00:00',200,56,3,'Lena',2,'<p>The Mona Lisa might have the most iconic smile in history, but one could argue the yellow smiley face comes',2,'/assets/img/smile.png','/assets/img/crying.png','/assets/img/happy.png','/assets/img/thinking.png','sold'),(3,'Smile Face',3,'2019-12-27 20:51:08','2020-01-01 00:00:00',80,56,2,'Derek Zohar',1,'<p>The Mona Lisa might have the most iconic smile in history, but one could argue the yellow smiley face comes',3,'/assets/img/smile.png','/assets/img/crying.png','/assets/img/happy.png','/assets/img/thinking.png','sold'),(4,'Crying Face',1,'2019-12-27 20:51:08','2020-01-01 00:04:00',210,202,2,'Derek Zohar',1,'<p>The Mona Lisa might have the most iconic smile in history, but one could argue the yellow smiley face comes',4,'/assets/img/crying.png','/assets/img/smile.png','/assets/img/happy.png','/assets/img/thinking.png','sold'),(5,'Thinking Face',2,'2019-12-27 20:51:08','2020-01-01 01:00:00',250,124,3,'Lena',2,'<p>The Mona Lisa might have the most iconic smile in history, but one could argue the yellow smiley face comes',5,'/assets/img/thinking.png','/assets/img/crying.png','/assets/img/happy.png','/assets/img/smile.png','sold'),(6,'Smile Face',3,'2019-12-27 20:51:08','2020-01-01 00:05:00',76,44,1,'Erod Nelps',2,'<p>The Mona Lisa might have the most iconic smile in history, but one could argue the yellow smiley face comes',6,'/assets/img/smile.png','/assets/img/crying.png','/assets/img/happy.png','/assets/img/thinking.png','sold'),(7,'Happy Face',2,'2019-12-27 20:51:08','2020-01-01 00:06:00',83,21,3,'Lena',2,'<p>The Mona Lisa might have the most iconic smile in history, but one could argue the yellow smiley face comes',7,'/assets/img/happy.png','/assets/img/crying.png','/assets/img/smile.png','/assets/img/thinking.png','sold'),(8,'Crying Face',1,'2019-12-27 20:51:08','2020-01-01 00:02:00',22,10,1,'Erod Nelps',3,'<p>The Mona Lisa might have the most iconic smile in history, but one could argue the yellow smiley face comes',8,'/assets/img/crying.png','/assets/img/smile.png','/assets/img/happy.png','/assets/img/thinking.png','sold'),(9,'Smile Face',2,'2019-12-27 20:51:08','2020-01-01 00:15:00',189,68,2,'Derek Zohar',3,'<p>The Mona Lisa might have the most iconic smile in history, but one could argue the yellow smiley face comes',9,'/assets/img/smile.png','/assets/img/crying.png','/assets/img/happy.png','/assets/img/thinking.png','sold'),(10,'Smile Face',2,'2019-12-27 20:56:25','2020-01-01 00:00:00',180,74,2,'Derek Zohar',1,'<p>The Mona Lisa might have the most iconic smile in history, but one could argue the yellow smiley face comes',10,'/assets/img/smile.png','/assets/img/crying.png','/assets/img/happy.png','/assets/img/thinking.png','sold'),(11,'Crying Face',1,'2019-12-27 20:56:25','2020-01-01 00:04:00',610,462,2,'Derek Zohar',1,'<p>The Mona Lisa might have the most iconic smile in history, but one could argue the yellow smiley face comes',11,'/assets/img/crying.png','/assets/img/smile.png','/assets/img/happy.png','/assets/img/thinking.png','sold'),(12,'Thinking Face',2,'2019-12-27 20:56:25','2020-01-01 01:00:00',2750,1236,3,'Lena',1,'<p>The Mona Lisa might have the most iconic smile in history, but one could argue the yellow smiley face comes',12,'/assets/img/thinking.png','/assets/img/crying.png','/assets/img/happy.png','/assets/img/smile.png','sold'),(13,'Smile Face',1,'2019-12-27 20:56:25','2020-01-01 00:05:00',761,442,3,'Lena',2,'<p>The Mona Lisa might have the most iconic smile in history, but one could argue the yellow smiley face comes',12,'/assets/img/smile.png','/assets/img/crying.png','/assets/img/happy.png','/assets/img/thinking.png','sold'),(14,'Happy Face',3,'2019-12-27 20:56:25','2020-01-01 00:06:00',803,0,NULL,NULL,0,'<p>The Mona Lisa might have the most iconic smile in history, but one could argue the yellow smiley face comes',13,'/assets/img/happy.png','/assets/img/crying.png','/assets/img/smile.png','/assets/img/thinking.png','expired'),(15,'Crying Face',3,'2019-12-27 20:56:25','2020-01-01 00:02:00',212,201,1,'Erod Nelps',3,'<p>The Mona Lisa might have the most iconic smile in history, but one could argue the yellow smiley face comes',14,'/assets/img/crying.png','/assets/img/smile.png','/assets/img/happy.png','/assets/img/thinking.png','sold'),(16,'Smile Face',3,'2019-12-27 20:56:25','2020-01-01 00:15:00',89,7,3,'Lena',2,'<p>The Mona Lisa might have the most iconic smile in history, but one could argue the yellow smiley face comes',15,'/assets/img/smile.png','/assets/img/crying.png','/assets/img/happy.png','/assets/img/thinking.png','sold'),(17,'Smile Face',1,'2019-12-27 21:04:41','2020-04-21 17:00:00',180,5,3,'Lena',2,'<p>The Mona Lisa might have the most iconic smile in history, but one could argue the yellow smiley face comes pretty close. What began as an unusual assignment for graphic designer Harvey Ball eventually turned into a world-famous symbol of happiness. In fact, the smiley face can trace its modest origins back to an insurance company in Worcester, Massachusetts in 1963. (Did you know Post-It notes were invented by accident, too?) After a series of tough transitions, the company’s employees struggled to maintain a cheery workplace. So, the company hired Ball in the hopes that he would design an image to boost morale. (By the way, science has confirmed some pretty convincing reasons to smile more.) In just 10 minutes, Ball drew a simple, smiling face on a yellow background. The price for his genius masterpiece? Only $45. At first, the company simply printed the face on buttons and posters to give to its employees. But the image quickly gained popularity, and yellow smiley faces started popping up on everything from greeting cards to T-shirts to stickers. Neither Ball nor the insurance company trademarked the soon-to-be iconic design. “The simple yellow smiley face created in 1963 (probably) has led to tens of thousands of variations and has appeared on everything from pillows and posters to perfume and pop art,” according to the Smithsonian. “Its meaning has changed with social and cultural values: from the optimistic message of a 1960s insurance company, to commercialized logo, to an ironic fashion statement, to a symbol of rave culture imprinted on ecstasy pills, to a wordless expression of emotions in text messages. ”Over time, many legal battles ensued over who could truly claim ownership over the legendary design. (At one point, even Walmart got involved!) But it’s still widely accepted that Ball was the first to invent the iconic yellow smiley face. Regardless of its origins, one thing is clear. While initially intended to cheer up a small company in Massachusetts, the smiley face’s positive message now reaches across the world.</p>',16,'/assets/img/smile.png','/assets/img/crying.png','/assets/img/happy.png','/assets/img/thinking.png','bidding'),(18,'Crying Face',1,'2019-12-27 21:04:41','2020-02-20 01:04:00',610,53,3,'Lena',1,'<p>The Mona Lisa might have the most iconic smile in history, but one could argue the yellow smiley face comes pretty close. What began as an unusual assignment for graphic designer Harvey Ball eventually turned into a world-famous symbol of happiness. In fact, the smiley face can trace its modest origins back to an insurance company in Worcester, Massachusetts in 1963. (Did you know Post-It notes were invented by accident, too?) After a series of tough transitions, the company’s employees struggled to maintain a cheery workplace. So, the company hired Ball in the hopes that he would design an image to boost morale. (By the way, science has confirmed some pretty convincing reasons to smile more.) In just 10 minutes, Ball drew a simple, smiling face on a yellow background. The price for his genius masterpiece? Only $45. At first, the company simply printed the face on buttons and posters to give to its employees. But the image quickly gained popularity, and yellow smiley faces started popping up on everything from greeting cards to T-shirts to stickers. Neither Ball nor the insurance company trademarked the soon-to-be iconic design. “The simple yellow smiley face created in 1963 (probably) has led to tens of thousands of variations and has appeared on everything from pillows and posters to perfume and pop art,” according to the Smithsonian. “Its meaning has changed with social and cultural values: from the optimistic message of a 1960s insurance company, to commercialized logo, to an ironic fashion statement, to a symbol of rave culture imprinted on ecstasy pills, to a wordless expression of emotions in text messages. ”Over time, many legal battles ensued over who could truly claim ownership over the legendary design. (At one point, even Walmart got involved!) But it’s still widely accepted that Ball was the first to invent the iconic yellow smiley face. Regardless of its origins, one thing is clear. While initially intended to cheer up a small company in Massachusetts, the smiley face’s positive message now reaches across the world.</p>',17,'/assets/img/crying.png','/assets/img/smile.png','/assets/img/happy.png','/assets/img/thinking.png','bidding'),(19,'Thinking Face',2,'2019-12-27 21:04:41','2020-12-31 04:00:00',2750,820,1,'Erod Nelps',2,'<p>The Mona Lisa might have the most iconic smile in history, but one could argue the yellow smiley face comes pretty close. What began as an unusual assignment for graphic designer Harvey Ball eventually turned into a world-famous symbol of happiness. In fact, the smiley face can trace its modest origins back to an insurance company in Worcester, Massachusetts in 1963. (Did you know Post-It notes were invented by accident, too?) After a series of tough transitions, the company’s employees struggled to maintain a cheery workplace. So, the company hired Ball in the hopes that he would design an image to boost morale. (By the way, science has confirmed some pretty convincing reasons to smile more.) In just 10 minutes, Ball drew a simple, smiling face on a yellow background. The price for his genius masterpiece? Only $45. At first, the company simply printed the face on buttons and posters to give to its employees. But the image quickly gained popularity, and yellow smiley faces started popping up on everything from greeting cards to T-shirts to stickers. Neither Ball nor the insurance company trademarked the soon-to-be iconic design. “The simple yellow smiley face created in 1963 (probably) has led to tens of thousands of variations and has appeared on everything from pillows and posters to perfume and pop art,” according to the Smithsonian. “Its meaning has changed with social and cultural values: from the optimistic message of a 1960s insurance company, to commercialized logo, to an ironic fashion statement, to a symbol of rave culture imprinted on ecstasy pills, to a wordless expression of emotions in text messages. ”Over time, many legal battles ensued over who could truly claim ownership over the legendary design. (At one point, even Walmart got involved!) But it’s still widely accepted that Ball was the first to invent the iconic yellow smiley face. Regardless of its origins, one thing is clear. While initially intended to cheer up a small company in Massachusetts, the smiley face’s positive message now reaches across the world.</p>',18,'/assets/img/thinking.png','/assets/img/crying.png','/assets/img/happy.png','/assets/img/smile.png','bidding'),(20,'Smile Face',3,'2019-12-27 21:04:41','2020-12-28 05:05:00',761,526,2,'Derek Zohar',2,'<p>The Mona Lisa might have the most iconic smile in history, but one could argue the yellow smiley face comes pretty close. What began as an unusual assignment for graphic designer Harvey Ball eventually turned into a world-famous symbol of happiness. In fact, the smiley face can trace its modest origins back to an insurance company in Worcester, Massachusetts in 1963. (Did you know Post-It notes were invented by accident, too?) After a series of tough transitions, the company’s employees struggled to maintain a cheery workplace. So, the company hired Ball in the hopes that he would design an image to boost morale. (By the way, science has confirmed some pretty convincing reasons to smile more.) In just 10 minutes, Ball drew a simple, smiling face on a yellow background. The price for his genius masterpiece? Only $45. At first, the company simply printed the face on buttons and posters to give to its employees. But the image quickly gained popularity, and yellow smiley faces started popping up on everything from greeting cards to T-shirts to stickers. Neither Ball nor the insurance company trademarked the soon-to-be iconic design. “The simple yellow smiley face created in 1963 (probably) has led to tens of thousands of variations and has appeared on everything from pillows and posters to perfume and pop art,” according to the Smithsonian. “Its meaning has changed with social and cultural values: from the optimistic message of a 1960s insurance company, to commercialized logo, to an ironic fashion statement, to a symbol of rave culture imprinted on ecstasy pills, to a wordless expression of emotions in text messages. ”Over time, many legal battles ensued over who could truly claim ownership over the legendary design. (At one point, even Walmart got involved!) But it’s still widely accepted that Ball was the first to invent the iconic yellow smiley face. Regardless of its origins, one thing is clear. While initially intended to cheer up a small company in Massachusetts, the smiley face’s positive message now reaches across the world.</p>',19,'/assets/img/smile.png','/assets/img/crying.png','/assets/img/happy.png','/assets/img/thinking.png','bidding'),(21,'Happy Face',3,'2019-12-27 21:04:42','2020-06-30 07:06:00',803,427,3,'Lena',1,'<p>The Mona Lisa might have the most iconic smile in history, but one could argue the yellow smiley face comes pretty close. What began as an unusual assignment for graphic designer Harvey Ball eventually turned into a world-famous symbol of happiness. In fact, the smiley face can trace its modest origins back to an insurance company in Worcester, Massachusetts in 1963. (Did you know Post-It notes were invented by accident, too?) After a series of tough transitions, the company’s employees struggled to maintain a cheery workplace. So, the company hired Ball in the hopes that he would design an image to boost morale. (By the way, science has confirmed some pretty convincing reasons to smile more.) In just 10 minutes, Ball drew a simple, smiling face on a yellow background. The price for his genius masterpiece? Only $45. At first, the company simply printed the face on buttons and posters to give to its employees. But the image quickly gained popularity, and yellow smiley faces started popping up on everything from greeting cards to T-shirts to stickers. Neither Ball nor the insurance company trademarked the soon-to-be iconic design. “The simple yellow smiley face created in 1963 (probably) has led to tens of thousands of variations and has appeared on everything from pillows and posters to perfume and pop art,” according to the Smithsonian. “Its meaning has changed with social and cultural values: from the optimistic message of a 1960s insurance company, to commercialized logo, to an ironic fashion statement, to a symbol of rave culture imprinted on ecstasy pills, to a wordless expression of emotions in text messages. ”Over time, many legal battles ensued over who could truly claim ownership over the legendary design. (At one point, even Walmart got involved!) But it’s still widely accepted that Ball was the first to invent the iconic yellow smiley face. Regardless of its origins, one thing is clear. While initially intended to cheer up a small company in Massachusetts, the smiley face’s positive message now reaches across the world.</p>',20,'/assets/img/happy.png','/assets/img/crying.png','/assets/img/smile.png','/assets/img/thinking.png','bidding'),(22,'Crying Face',2,'2019-12-27 21:04:42','2020-12-29 06:02:00',212,13,1,'Erod Nelps',3,'<p>The Mona Lisa might have the most iconic smile in history, but one could argue the yellow smiley face comes pretty close. What began as an unusual assignment for graphic designer Harvey Ball eventually turned into a world-famous symbol of happiness. In fact, the smiley face can trace its modest origins back to an insurance company in Worcester, Massachusetts in 1963. (Did you know Post-It notes were invented by accident, too?) After a series of tough transitions, the company’s employees struggled to maintain a cheery workplace. So, the company hired Ball in the hopes that he would design an image to boost morale. (By the way, science has confirmed some pretty convincing reasons to smile more.) In just 10 minutes, Ball drew a simple, smiling face on a yellow background. The price for his genius masterpiece? Only $45. At first, the company simply printed the face on buttons and posters to give to its employees. But the image quickly gained popularity, and yellow smiley faces started popping up on everything from greeting cards to T-shirts to stickers. Neither Ball nor the insurance company trademarked the soon-to-be iconic design. “The simple yellow smiley face created in 1963 (probably) has led to tens of thousands of variations and has appeared on everything from pillows and posters to perfume and pop art,” according to the Smithsonian. “Its meaning has changed with social and cultural values: from the optimistic message of a 1960s insurance company, to commercialized logo, to an ironic fashion statement, to a symbol of rave culture imprinted on ecstasy pills, to a wordless expression of emotions in text messages. ”Over time, many legal battles ensued over who could truly claim ownership over the legendary design. (At one point, even Walmart got involved!) But it’s still widely accepted that Ball was the first to invent the iconic yellow smiley face. Regardless of its origins, one thing is clear. While initially intended to cheer up a small company in Massachusetts, the smiley face’s positive message now reaches across the world.</p>',19,'/assets/img/crying.png','/assets/img/smile.png','/assets/img/happy.png','/assets/img/thinking.png','bidding'),(23,'Smile Face',2,'2019-12-27 21:04:42','2020-12-28 04:15:00',89,45,2,'Derek Zohar',1,'<p>The Mona Lisa might have the most iconic smile in history, but one could argue the yellow smiley face comes pretty close. What began as an unusual assignment for graphic designer Harvey Ball eventually turned into a world-famous symbol of happiness. In fact, the smiley face can trace its modest origins back to an insurance company in Worcester, Massachusetts in 1963. (Did you know Post-It notes were invented by accident, too?) After a series of tough transitions, the company’s employees struggled to maintain a cheery workplace. So, the company hired Ball in the hopes that he would design an image to boost morale. (By the way, science has confirmed some pretty convincing reasons to smile more.) In just 10 minutes, Ball drew a simple, smiling face on a yellow background. The price for his genius masterpiece? Only $45. At first, the company simply printed the face on buttons and posters to give to its employees. But the image quickly gained popularity, and yellow smiley faces started popping up on everything from greeting cards to T-shirts to stickers. Neither Ball nor the insurance company trademarked the soon-to-be iconic design. “The simple yellow smiley face created in 1963 (probably) has led to tens of thousands of variations and has appeared on everything from pillows and posters to perfume and pop art,” according to the Smithsonian. “Its meaning has changed with social and cultural values: from the optimistic message of a 1960s insurance company, to commercialized logo, to an ironic fashion statement, to a symbol of rave culture imprinted on ecstasy pills, to a wordless expression of emotions in text messages. ”Over time, many legal battles ensued over who could truly claim ownership over the legendary design. (At one point, even Walmart got involved!) But it’s still widely accepted that Ball was the first to invent the iconic yellow smiley face. Regardless of its origins, one thing is clear. While initially intended to cheer up a small company in Massachusetts, the smiley face’s positive message now reaches across the world.</p>',18,'/assets/img/smile.png','/assets/img/crying.png','/assets/img/happy.png','/assets/img/thinking.png','bidding'),(24,'Smile Face',1,'2019-12-27 21:06:03','2020-12-21 17:00:00',480,421,3,'Lena',2,'<p>The Mona Lisa might have the most iconic smile in history, but one could argue the yellow smiley face comes pretty close. What began as an unusual assignment for graphic designer Harvey Ball eventually turned into a world-famous symbol of happiness. In fact, the smiley face can trace its modest origins back to an insurance company in Worcester, Massachusetts in 1963. (Did you know Post-It notes were invented by accident, too?) After a series of tough transitions, the company’s employees struggled to maintain a cheery workplace. So, the company hired Ball in the hopes that he would design an image to boost morale. (By the way, science has confirmed some pretty convincing reasons to smile more.) In just 10 minutes, Ball drew a simple, smiling face on a yellow background. The price for his genius masterpiece? Only $45. At first, the company simply printed the face on buttons and posters to give to its employees. But the image quickly gained popularity, and yellow smiley faces started popping up on everything from greeting cards to T-shirts to stickers. Neither Ball nor the insurance company trademarked the soon-to-be iconic design. “The simple yellow smiley face created in 1963 (probably) has led to tens of thousands of variations and has appeared on everything from pillows and posters to perfume and pop art,” according to the Smithsonian. “Its meaning has changed with social and cultural values: from the optimistic message of a 1960s insurance company, to commercialized logo, to an ironic fashion statement, to a symbol of rave culture imprinted on ecstasy pills, to a wordless expression of emotions in text messages. ”Over time, many legal battles ensued over who could truly claim ownership over the legendary design. (At one point, even Walmart got involved!) But it’s still widely accepted that Ball was the first to invent the iconic yellow smiley face. Regardless of its origins, one thing is clear. While initially intended to cheer up a small company in Massachusetts, the smiley face’s positive message now reaches across the world.</p>',17,'/assets/img/smile.png','/assets/img/crying.png','/assets/img/happy.png','/assets/img/thinking.png','bidding'),(25,'Crying Face',1,'2019-12-27 21:06:03','2020-12-31 01:04:00',310,211,2,'Derek Zohar',3,'<p>The Mona Lisa might have the most iconic smile in history, but one could argue the yellow smiley face comes pretty close. What began as an unusual assignment for graphic designer Harvey Ball eventually turned into a world-famous symbol of happiness. In fact, the smiley face can trace its modest origins back to an insurance company in Worcester, Massachusetts in 1963. (Did you know Post-It notes were invented by accident, too?) After a series of tough transitions, the company’s employees struggled to maintain a cheery workplace. So, the company hired Ball in the hopes that he would design an image to boost morale. (By the way, science has confirmed some pretty convincing reasons to smile more.) In just 10 minutes, Ball drew a simple, smiling face on a yellow background. The price for his genius masterpiece? Only $45. At first, the company simply printed the face on buttons and posters to give to its employees. But the image quickly gained popularity, and yellow smiley faces started popping up on everything from greeting cards to T-shirts to stickers. Neither Ball nor the insurance company trademarked the soon-to-be iconic design. “The simple yellow smiley face created in 1963 (probably) has led to tens of thousands of variations and has appeared on everything from pillows and posters to perfume and pop art,” according to the Smithsonian. “Its meaning has changed with social and cultural values: from the optimistic message of a 1960s insurance company, to commercialized logo, to an ironic fashion statement, to a symbol of rave culture imprinted on ecstasy pills, to a wordless expression of emotions in text messages. ”Over time, many legal battles ensued over who could truly claim ownership over the legendary design. (At one point, even Walmart got involved!) But it’s still widely accepted that Ball was the first to invent the iconic yellow smiley face. Regardless of its origins, one thing is clear. While initially intended to cheer up a small company in Massachusetts, the smiley face’s positive message now reaches across the world.</p>',16,'/assets/img/crying.png','/assets/img/smile.png','/assets/img/happy.png','/assets/img/thinking.png','bidding'),(26,'Thinking Face',2,'2019-12-27 21:06:03','2020-12-31 04:00:00',750,749,3,'Lena',1,'<p>The Mona Lisa might have the most iconic smile in history, but one could argue the yellow smiley face comes pretty close. What began as an unusual assignment for graphic designer Harvey Ball eventually turned into a world-famous symbol of happiness. In fact, the smiley face can trace its modest origins back to an insurance company in Worcester, Massachusetts in 1963. (Did you know Post-It notes were invented by accident, too?) After a series of tough transitions, the company’s employees struggled to maintain a cheery workplace. So, the company hired Ball in the hopes that he would design an image to boost morale. (By the way, science has confirmed some pretty convincing reasons to smile more.) In just 10 minutes, Ball drew a simple, smiling face on a yellow background. The price for his genius masterpiece? Only $45. At first, the company simply printed the face on buttons and posters to give to its employees. But the image quickly gained popularity, and yellow smiley faces started popping up on everything from greeting cards to T-shirts to stickers. Neither Ball nor the insurance company trademarked the soon-to-be iconic design. “The simple yellow smiley face created in 1963 (probably) has led to tens of thousands of variations and has appeared on everything from pillows and posters to perfume and pop art,” according to the Smithsonian. “Its meaning has changed with social and cultural values: from the optimistic message of a 1960s insurance company, to commercialized logo, to an ironic fashion statement, to a symbol of rave culture imprinted on ecstasy pills, to a wordless expression of emotions in text messages. ”Over time, many legal battles ensued over who could truly claim ownership over the legendary design. (At one point, even Walmart got involved!) But it’s still widely accepted that Ball was the first to invent the iconic yellow smiley face. Regardless of its origins, one thing is clear. While initially intended to cheer up a small company in Massachusetts, the smiley face’s positive message now reaches across the world.</p>',15,'/assets/img/thinking.png','/assets/img/crying.png','/assets/img/happy.png','/assets/img/smile.png','bidding'),(27,'Smile Face',3,'2019-12-27 21:06:03','2020-12-28 05:05:00',71,60,1,'Erod Nelps',3,'<p>The Mona Lisa might have the most iconic smile in history, but one could argue the yellow smiley face comes pretty close. What began as an unusual assignment for graphic designer Harvey Ball eventually turned into a world-famous symbol of happiness. In fact, the smiley face can trace its modest origins back to an insurance company in Worcester, Massachusetts in 1963. (Did you know Post-It notes were invented by accident, too?) After a series of tough transitions, the company’s employees struggled to maintain a cheery workplace. So, the company hired Ball in the hopes that he would design an image to boost morale. (By the way, science has confirmed some pretty convincing reasons to smile more.) In just 10 minutes, Ball drew a simple, smiling face on a yellow background. The price for his genius masterpiece? Only $45. At first, the company simply printed the face on buttons and posters to give to its employees. But the image quickly gained popularity, and yellow smiley faces started popping up on everything from greeting cards to T-shirts to stickers. Neither Ball nor the insurance company trademarked the soon-to-be iconic design. “The simple yellow smiley face created in 1963 (probably) has led to tens of thousands of variations and has appeared on everything from pillows and posters to perfume and pop art,” according to the Smithsonian. “Its meaning has changed with social and cultural values: from the optimistic message of a 1960s insurance company, to commercialized logo, to an ironic fashion statement, to a symbol of rave culture imprinted on ecstasy pills, to a wordless expression of emotions in text messages. ”Over time, many legal battles ensued over who could truly claim ownership over the legendary design. (At one point, even Walmart got involved!) But it’s still widely accepted that Ball was the first to invent the iconic yellow smiley face. Regardless of its origins, one thing is clear. While initially intended to cheer up a small company in Massachusetts, the smiley face’s positive message now reaches across the world.</p>',14,'/assets/img/smile.png','/assets/img/crying.png','/assets/img/happy.png','/assets/img/thinking.png','bidding'),(28,'Happy Face',3,'2019-12-27 21:06:03','2020-12-30 07:06:00',83,23,1,'Erod Nelps',2,'<p>The Mona Lisa might have the most iconic smile in history, but one could argue the yellow smiley face comes pretty close. What began as an unusual assignment for graphic designer Harvey Ball eventually turned into a world-famous symbol of happiness. In fact, the smiley face can trace its modest origins back to an insurance company in Worcester, Massachusetts in 1963. (Did you know Post-It notes were invented by accident, too?) After a series of tough transitions, the company’s employees struggled to maintain a cheery workplace. So, the company hired Ball in the hopes that he would design an image to boost morale. (By the way, science has confirmed some pretty convincing reasons to smile more.) In just 10 minutes, Ball drew a simple, smiling face on a yellow background. The price for his genius masterpiece? Only $45. At first, the company simply printed the face on buttons and posters to give to its employees. But the image quickly gained popularity, and yellow smiley faces started popping up on everything from greeting cards to T-shirts to stickers. Neither Ball nor the insurance company trademarked the soon-to-be iconic design. “The simple yellow smiley face created in 1963 (probably) has led to tens of thousands of variations and has appeared on everything from pillows and posters to perfume and pop art,” according to the Smithsonian. “Its meaning has changed with social and cultural values: from the optimistic message of a 1960s insurance company, to commercialized logo, to an ironic fashion statement, to a symbol of rave culture imprinted on ecstasy pills, to a wordless expression of emotions in text messages. ”Over time, many legal battles ensued over who could truly claim ownership over the legendary design. (At one point, even Walmart got involved!) But it’s still widely accepted that Ball was the first to invent the iconic yellow smiley face. Regardless of its origins, one thing is clear. While initially intended to cheer up a small company in Massachusetts, the smiley face’s positive message now reaches across the world.</p>',13,'/assets/img/happy.png','/assets/img/crying.png','/assets/img/smile.png','/assets/img/thinking.png','bidding'),(29,'Crying Face',2,'2019-12-27 21:06:03','2020-12-29 06:02:00',12,1,1,'Erod Nelps',1,'<p>The Mona Lisa might have the most iconic smile in history, but one could argue the yellow smiley face comes pretty close. What began as an unusual assignment for graphic designer Harvey Ball eventually turned into a world-famous symbol of happiness. In fact, the smiley face can trace its modest origins back to an insurance company in Worcester, Massachusetts in 1963. (Did you know Post-It notes were invented by accident, too?) After a series of tough transitions, the company’s employees struggled to maintain a cheery workplace. So, the company hired Ball in the hopes that he would design an image to boost morale. (By the way, science has confirmed some pretty convincing reasons to smile more.) In just 10 minutes, Ball drew a simple, smiling face on a yellow background. The price for his genius masterpiece? Only $45. At first, the company simply printed the face on buttons and posters to give to its employees. But the image quickly gained popularity, and yellow smiley faces started popping up on everything from greeting cards to T-shirts to stickers. Neither Ball nor the insurance company trademarked the soon-to-be iconic design. “The simple yellow smiley face created in 1963 (probably) has led to tens of thousands of variations and has appeared on everything from pillows and posters to perfume and pop art,” according to the Smithsonian. “Its meaning has changed with social and cultural values: from the optimistic message of a 1960s insurance company, to commercialized logo, to an ironic fashion statement, to a symbol of rave culture imprinted on ecstasy pills, to a wordless expression of emotions in text messages. ”Over time, many legal battles ensued over who could truly claim ownership over the legendary design. (At one point, even Walmart got involved!) But it’s still widely accepted that Ball was the first to invent the iconic yellow smiley face. Regardless of its origins, one thing is clear. While initially intended to cheer up a small company in Massachusetts, the smiley face’s positive message now reaches across the world.</p>',12,'/assets/img/crying.png','/assets/img/smile.png','/assets/img/happy.png','/assets/img/thinking.png','bidding'),(30,'Smile Face',2,'2019-12-27 21:06:03','2020-12-28 04:15:00',33,23,3,'Lena',2,'<p>The Mona Lisa might have the most iconic smile in history, but one could argue the yellow smiley face comes pretty close. What began as an unusual assignment for graphic designer Harvey Ball eventually turned into a world-famous symbol of happiness. In fact, the smiley face can trace its modest origins back to an insurance company in Worcester, Massachusetts in 1963. (Did you know Post-It notes were invented by accident, too?) After a series of tough transitions, the company’s employees struggled to maintain a cheery workplace. So, the company hired Ball in the hopes that he would design an image to boost morale. (By the way, science has confirmed some pretty convincing reasons to smile more.) In just 10 minutes, Ball drew a simple, smiling face on a yellow background. The price for his genius masterpiece? Only $45. At first, the company simply printed the face on buttons and posters to give to its employees. But the image quickly gained popularity, and yellow smiley faces started popping up on everything from greeting cards to T-shirts to stickers. Neither Ball nor the insurance company trademarked the soon-to-be iconic design. “The simple yellow smiley face created in 1963 (probably) has led to tens of thousands of variations and has appeared on everything from pillows and posters to perfume and pop art,” according to the Smithsonian. “Its meaning has changed with social and cultural values: from the optimistic message of a 1960s insurance company, to commercialized logo, to an ironic fashion statement, to a symbol of rave culture imprinted on ecstasy pills, to a wordless expression of emotions in text messages. ”Over time, many legal battles ensued over who could truly claim ownership over the legendary design. (At one point, even Walmart got involved!) But it’s still widely accepted that Ball was the first to invent the iconic yellow smiley face. Regardless of its origins, one thing is clear. While initially intended to cheer up a small company in Massachusetts, the smiley face’s positive message now reaches across the world.</p>',11,'/assets/img/smile.png','/assets/img/crying.png','/assets/img/happy.png','/assets/img/thinking.png','bidding'),(31,'Smile Face',1,'2019-12-27 21:06:40','2020-12-21 17:00:00',80,68,3,'Lena',3,'<p>The Mona Lisa might have the most iconic smile in history, but one could argue the yellow smiley face comes pretty close. What began as an unusual assignment for graphic designer Harvey Ball eventually turned into a world-famous symbol of happiness. In fact, the smiley face can trace its modest origins back to an insurance company in Worcester, Massachusetts in 1963. (Did you know Post-It notes were invented by accident, too?) After a series of tough transitions, the company’s employees struggled to maintain a cheery workplace. So, the company hired Ball in the hopes that he would design an image to boost morale. (By the way, science has confirmed some pretty convincing reasons to smile more.) In just 10 minutes, Ball drew a simple, smiling face on a yellow background. The price for his genius masterpiece? Only $45. At first, the company simply printed the face on buttons and posters to give to its employees. But the image quickly gained popularity, and yellow smiley faces started popping up on everything from greeting cards to T-shirts to stickers. Neither Ball nor the insurance company trademarked the soon-to-be iconic design. “The simple yellow smiley face created in 1963 (probably) has led to tens of thousands of variations and has appeared on everything from pillows and posters to perfume and pop art,” according to the Smithsonian. “Its meaning has changed with social and cultural values: from the optimistic message of a 1960s insurance company, to commercialized logo, to an ironic fashion statement, to a symbol of rave culture imprinted on ecstasy pills, to a wordless expression of emotions in text messages. ”Over time, many legal battles ensued over who could truly claim ownership over the legendary design. (At one point, even Walmart got involved!) But it’s still widely accepted that Ball was the first to invent the iconic yellow smiley face. Regardless of its origins, one thing is clear. While initially intended to cheer up a small company in Massachusetts, the smiley face’s positive message now reaches across the world.</p>',10,'/assets/img/smile.png','/assets/img/crying.png','/assets/img/happy.png','/assets/img/thinking.png','bidding'),(32,'Crying Face',1,'2019-12-27 21:06:40','2020-02-01 01:04:00',160,102,2,'Derek Zohar',1,'<p>The Mona Lisa might have the most iconic smile in history, but one could argue the yellow smiley face comes pretty close. What began as an unusual assignment for graphic designer Harvey Ball eventually turned into a world-famous symbol of happiness. In fact, the smiley face can trace its modest origins back to an insurance company in Worcester, Massachusetts in 1963. (Did you know Post-It notes were invented by accident, too?) After a series of tough transitions, the company’s employees struggled to maintain a cheery workplace. So, the company hired Ball in the hopes that he would design an image to boost morale. (By the way, science has confirmed some pretty convincing reasons to smile more.) In just 10 minutes, Ball drew a simple, smiling face on a yellow background. The price for his genius masterpiece? Only $45. At first, the company simply printed the face on buttons and posters to give to its employees. But the image quickly gained popularity, and yellow smiley faces started popping up on everything from greeting cards to T-shirts to stickers. Neither Ball nor the insurance company trademarked the soon-to-be iconic design. “The simple yellow smiley face created in 1963 (probably) has led to tens of thousands of variations and has appeared on everything from pillows and posters to perfume and pop art,” according to the Smithsonian. “Its meaning has changed with social and cultural values: from the optimistic message of a 1960s insurance company, to commercialized logo, to an ironic fashion statement, to a symbol of rave culture imprinted on ecstasy pills, to a wordless expression of emotions in text messages. ”Over time, many legal battles ensued over who could truly claim ownership over the legendary design. (At one point, even Walmart got involved!) But it’s still widely accepted that Ball was the first to invent the iconic yellow smiley face. Regardless of its origins, one thing is clear. While initially intended to cheer up a small company in Massachusetts, the smiley face’s positive message now reaches across the world.</p>',9,'/assets/img/crying.png','/assets/img/smile.png','/assets/img/happy.png','/assets/img/thinking.png','bidding'),(33,'Thinking Face',2,'2019-12-27 21:06:40','2020-12-31 04:00:00',520,502,3,'Lena',2,'<p>The Mona Lisa might have the most iconic smile in history, but one could argue the yellow smiley face comes pretty close. What began as an unusual assignment for graphic designer Harvey Ball eventually turned into a world-famous symbol of happiness. In fact, the smiley face can trace its modest origins back to an insurance company in Worcester, Massachusetts in 1963. (Did you know Post-It notes were invented by accident, too?) After a series of tough transitions, the company’s employees struggled to maintain a cheery workplace. So, the company hired Ball in the hopes that he would design an image to boost morale. (By the way, science has confirmed some pretty convincing reasons to smile more.) In just 10 minutes, Ball drew a simple, smiling face on a yellow background. The price for his genius masterpiece? Only $45. At first, the company simply printed the face on buttons and posters to give to its employees. But the image quickly gained popularity, and yellow smiley faces started popping up on everything from greeting cards to T-shirts to stickers. Neither Ball nor the insurance company trademarked the soon-to-be iconic design. “The simple yellow smiley face created in 1963 (probably) has led to tens of thousands of variations and has appeared on everything from pillows and posters to perfume and pop art,” according to the Smithsonian. “Its meaning has changed with social and cultural values: from the optimistic message of a 1960s insurance company, to commercialized logo, to an ironic fashion statement, to a symbol of rave culture imprinted on ecstasy pills, to a wordless expression of emotions in text messages. ”Over time, many legal battles ensued over who could truly claim ownership over the legendary design. (At one point, even Walmart got involved!) But it’s still widely accepted that Ball was the first to invent the iconic yellow smiley face. Regardless of its origins, one thing is clear. While initially intended to cheer up a small company in Massachusetts, the smiley face’s positive message now reaches across the world.</p>',8,'/assets/img/thinking.png','/assets/img/crying.png','/assets/img/happy.png','/assets/img/smile.png','bidding'),(34,'Smile Face',3,'2019-12-27 21:06:40','2020-12-28 05:05:00',741,623,3,'Lena',3,'<p>The Mona Lisa might have the most iconic smile in history, but one could argue the yellow smiley face comes pretty close. What began as an unusual assignment for graphic designer Harvey Ball eventually turned into a world-famous symbol of happiness. In fact, the smiley face can trace its modest origins back to an insurance company in Worcester, Massachusetts in 1963. (Did you know Post-It notes were invented by accident, too?) After a series of tough transitions, the company’s employees struggled to maintain a cheery workplace. So, the company hired Ball in the hopes that he would design an image to boost morale. (By the way, science has confirmed some pretty convincing reasons to smile more.) In just 10 minutes, Ball drew a simple, smiling face on a yellow background. The price for his genius masterpiece? Only $45. At first, the company simply printed the face on buttons and posters to give to its employees. But the image quickly gained popularity, and yellow smiley faces started popping up on everything from greeting cards to T-shirts to stickers. Neither Ball nor the insurance company trademarked the soon-to-be iconic design. “The simple yellow smiley face created in 1963 (probably) has led to tens of thousands of variations and has appeared on everything from pillows and posters to perfume and pop art,” according to the Smithsonian. “Its meaning has changed with social and cultural values: from the optimistic message of a 1960s insurance company, to commercialized logo, to an ironic fashion statement, to a symbol of rave culture imprinted on ecstasy pills, to a wordless expression of emotions in text messages. ”Over time, many legal battles ensued over who could truly claim ownership over the legendary design. (At one point, even Walmart got involved!) But it’s still widely accepted that Ball was the first to invent the iconic yellow smiley face. Regardless of its origins, one thing is clear. While initially intended to cheer up a small company in Massachusetts, the smiley face’s positive message now reaches across the world.</p>',7,'/assets/img/smile.png','/assets/img/crying.png','/assets/img/happy.png','/assets/img/thinking.png','bidding'),(35,'Happy Face',3,'2019-12-27 21:06:40','2020-12-30 07:06:00',783,629,1,'Erod Nelps',1,'<p>The Mona Lisa might have the most iconic smile in history, but one could argue the yellow smiley face comes pretty close. What began as an unusual assignment for graphic designer Harvey Ball eventually turned into a world-famous symbol of happiness. In fact, the smiley face can trace its modest origins back to an insurance company in Worcester, Massachusetts in 1963. (Did you know Post-It notes were invented by accident, too?) After a series of tough transitions, the company’s employees struggled to maintain a cheery workplace. So, the company hired Ball in the hopes that he would design an image to boost morale. (By the way, science has confirmed some pretty convincing reasons to smile more.) In just 10 minutes, Ball drew a simple, smiling face on a yellow background. The price for his genius masterpiece? Only $45. At first, the company simply printed the face on buttons and posters to give to its employees. But the image quickly gained popularity, and yellow smiley faces started popping up on everything from greeting cards to T-shirts to stickers. Neither Ball nor the insurance company trademarked the soon-to-be iconic design. “The simple yellow smiley face created in 1963 (probably) has led to tens of thousands of variations and has appeared on everything from pillows and posters to perfume and pop art,” according to the Smithsonian. “Its meaning has changed with social and cultural values: from the optimistic message of a 1960s insurance company, to commercialized logo, to an ironic fashion statement, to a symbol of rave culture imprinted on ecstasy pills, to a wordless expression of emotions in text messages. ”Over time, many legal battles ensued over who could truly claim ownership over the legendary design. (At one point, even Walmart got involved!) But it’s still widely accepted that Ball was the first to invent the iconic yellow smiley face. Regardless of its origins, one thing is clear. While initially intended to cheer up a small company in Massachusetts, the smiley face’s positive message now reaches across the world.</p>',6,'/assets/img/happy.png','/assets/img/crying.png','/assets/img/smile.png','/assets/img/thinking.png','bidding'),(36,'Crying Face',2,'2019-12-27 21:06:40','2020-01-29 06:02:00',112,111,2,'Derek Zohar',3,'<p>The Mona Lisa might have the most iconic smile in history, but one could argue the yellow smiley face comes pretty close. What began as an unusual assignment for graphic designer Harvey Ball eventually turned into a world-famous symbol of happiness. In fact, the smiley face can trace its modest origins back to an insurance company in Worcester, Massachusetts in 1963. (Did you know Post-It notes were invented by accident, too?) After a series of tough transitions, the company’s employees struggled to maintain a cheery workplace. So, the company hired Ball in the hopes that he would design an image to boost morale. (By the way, science has confirmed some pretty convincing reasons to smile more.) In just 10 minutes, Ball drew a simple, smiling face on a yellow background. The price for his genius masterpiece? Only $45. At first, the company simply printed the face on buttons and posters to give to its employees. But the image quickly gained popularity, and yellow smiley faces started popping up on everything from greeting cards to T-shirts to stickers. Neither Ball nor the insurance company trademarked the soon-to-be iconic design. “The simple yellow smiley face created in 1963 (probably) has led to tens of thousands of variations and has appeared on everything from pillows and posters to perfume and pop art,” according to the Smithsonian. “Its meaning has changed with social and cultural values: from the optimistic message of a 1960s insurance company, to commercialized logo, to an ironic fashion statement, to a symbol of rave culture imprinted on ecstasy pills, to a wordless expression of emotions in text messages. ”Over time, many legal battles ensued over who could truly claim ownership over the legendary design. (At one point, even Walmart got involved!) But it’s still widely accepted that Ball was the first to invent the iconic yellow smiley face. Regardless of its origins, one thing is clear. While initially intended to cheer up a small company in Massachusetts, the smiley face’s positive message now reaches across the world.</p>',5,'/assets/img/crying.png','/assets/img/smile.png','/assets/img/happy.png','/assets/img/thinking.png','bidding'),(37,'Smile Face',2,'2019-12-27 21:06:40','2020-12-28 04:15:00',233,200,2,'Derek Zohar',2,'<p>The Mona Lisa might have the most iconic smile in history, but one could argue the yellow smiley face comes pretty close. What began as an unusual assignment for graphic designer Harvey Ball eventually turned into a world-famous symbol of happiness. In fact, the smiley face can trace its modest origins back to an insurance company in Worcester, Massachusetts in 1963. (Did you know Post-It notes were invented by accident, too?) After a series of tough transitions, the company’s employees struggled to maintain a cheery workplace. So, the company hired Ball in the hopes that he would design an image to boost morale. (By the way, science has confirmed some pretty convincing reasons to smile more.) In just 10 minutes, Ball drew a simple, smiling face on a yellow background. The price for his genius masterpiece? Only $45. At first, the company simply printed the face on buttons and posters to give to its employees. But the image quickly gained popularity, and yellow smiley faces started popping up on everything from greeting cards to T-shirts to stickers. Neither Ball nor the insurance company trademarked the soon-to-be iconic design. “The simple yellow smiley face created in 1963 (probably) has led to tens of thousands of variations and has appeared on everything from pillows and posters to perfume and pop art,” according to the Smithsonian. “Its meaning has changed with social and cultural values: from the optimistic message of a 1960s insurance company, to commercialized logo, to an ironic fashion statement, to a symbol of rave culture imprinted on ecstasy pills, to a wordless expression of emotions in text messages. ”Over time, many legal battles ensued over who could truly claim ownership over the legendary design. (At one point, even Walmart got involved!) But it’s still widely accepted that Ball was the first to invent the iconic yellow smiley face. Regardless of its origins, one thing is clear. While initially intended to cheer up a small company in Massachusetts, the smiley face’s positive message now reaches across the world.</p>',4,'/assets/img/smile.png','/assets/img/crying.png','/assets/img/happy.png','/assets/img/thinking.png','bidding'),(38,'Sad Face',3,'2019-12-29 20:53:12','2019-12-29 21:21:00',5000,3000,1,'Erod Nelps',19,'<p>The Mona Lisa might have the most iconic smile in history, but one could argue the yellow smiley face comes pretty close. What began as an unusual assignment for graphic designer Harvey Ball eventually turned into a world-famous symbol of happiness. In fact, the smiley face can trace its modest origins back to an insurance company in Worcester, Massachusetts in 1963. (Did you know Post-It notes were invented by accident, too?) After a series of tough transitions, the company’s employees struggled to maintain a cheery workplace. So, the company hired Ball in the hopes that he would design an image to boost morale. (By the way, science has confirmed some pretty convincing reasons to smile more.) In just 10 minutes, Ball drew a simple, smiling face on a yellow background. The price for his genius masterpiece? Only $45. At first, the company simply printed the face on buttons and posters to give to its employees. But the image quickly gained popularity, and yellow smiley faces started popping up on everything from greeting cards to T-shirts to stickers. Neither Ball nor the insurance company trademarked the soon-to-be iconic design. “The simple yellow smiley face created in 1963 (probably) has led to tens of thousands of variations and has appeared on everything from pillows and posters to perfume and pop art,” according to the Smithsonian. “Its meaning has changed with social and cultural values: from the optimistic message of a 1960s insurance company, to commercialized logo, to an ironic fashion statement, to a symbol of rave culture imprinted on ecstasy pills, to a wordless expression of emotions in text messages. ”Over time, many legal battles ensued over who could truly claim ownership over the legendary design. (At one point, even Walmart got involved!) But it’s still widely accepted that Ball was the first to invent the iconic yellow smiley face. Regardless of its origins, one thing is clear. While initially intended to cheer up a small company in Massachusetts, the smiley face’s positive message now reaches across the world.</p>',20,'/assets/img/crying.png','/assets/img/smile.png','/assets/img/happy.png','/assets/img/thinking.png','sold');
/*!40000 ALTER TABLE `product` ENABLE KEYS */;
UNLOCK TABLES;
/*!50003 SET @saved_cs_client      = @@character_set_client */ ;
/*!50003 SET @saved_cs_results     = @@character_set_results */ ;
/*!50003 SET @saved_col_connection = @@collation_connection */ ;
/*!50003 SET character_set_client  = utf8mb4 */ ;
/*!50003 SET character_set_results = utf8mb4 */ ;
/*!50003 SET collation_connection  = utf8mb4_0900_ai_ci */ ;
/*!50003 SET @saved_sql_mode       = @@sql_mode */ ;
/*!50003 SET sql_mode              = 'STRICT_TRANS_TABLES,NO_ENGINE_SUBSTITUTION' */ ;
DELIMITER ;;
/*!50003 CREATE*/ /*!50017 DEFINER=`root`@`localhost`*/ /*!50003 TRIGGER `product_AFTER_INSERT` BEFORE INSERT ON `product` FOR EACH ROW BEGIN
IF new.end < new.start THEN 
	BEGIN
    SIGNAL SQLSTATE '45000'
	SET MESSAGE_TEXT = 'Invalid end date!';
	END;
END IF;
set new.info = (select name from user where user.id = new.holder);
END */;;
DELIMITER ;
/*!50003 SET sql_mode              = @saved_sql_mode */ ;
/*!50003 SET character_set_client  = @saved_cs_client */ ;
/*!50003 SET character_set_results = @saved_cs_results */ ;
/*!50003 SET collation_connection  = @saved_col_connection */ ;
/*!50003 SET @saved_cs_client      = @@character_set_client */ ;
/*!50003 SET @saved_cs_results     = @@character_set_results */ ;
/*!50003 SET @saved_col_connection = @@collation_connection */ ;
/*!50003 SET character_set_client  = utf8mb4 */ ;
/*!50003 SET character_set_results = utf8mb4 */ ;
/*!50003 SET collation_connection  = utf8mb4_0900_ai_ci */ ;
/*!50003 SET @saved_sql_mode       = @@sql_mode */ ;
/*!50003 SET sql_mode              = 'STRICT_TRANS_TABLES,NO_ENGINE_SUBSTITUTION' */ ;
DELIMITER ;;
/*!50003 CREATE*/ /*!50017 DEFINER=`root`@`localhost`*/ /*!50003 TRIGGER `product_AFTER_UPDATE` BEFORE UPDATE ON `product` FOR EACH ROW BEGIN
IF new.end < old.start THEN 
	BEGIN
    SIGNAL SQLSTATE '45000'
	SET MESSAGE_TEXT = 'Invalid end date!';
	END;
END IF;
set new.info = (select name from user where user.id = new.holder);
END */;;
DELIMITER ;
/*!50003 SET sql_mode              = @saved_sql_mode */ ;
/*!50003 SET character_set_client  = @saved_cs_client */ ;
/*!50003 SET character_set_results = @saved_cs_results */ ;
/*!50003 SET collation_connection  = @saved_col_connection */ ;

--
-- Table structure for table `sessions`
--

DROP TABLE IF EXISTS `sessions`;
/*!40101 SET @saved_cs_client     = @@character_set_client */;
/*!50503 SET character_set_client = utf8mb4 */;
CREATE TABLE `sessions` (
  `session_id` varchar(128) CHARACTER SET utf8mb4 COLLATE utf8mb4_bin NOT NULL,
  `expires` int(11) unsigned NOT NULL,
  `data` text CHARACTER SET utf8mb4 COLLATE utf8mb4_bin,
  PRIMARY KEY (`session_id`)
) ENGINE=InnoDB DEFAULT CHARSET=utf8mb4 COLLATE=utf8mb4_0900_ai_ci;
/*!40101 SET character_set_client = @saved_cs_client */;

--
-- Dumping data for table `sessions`
--

LOCK TABLES `sessions` WRITE;
/*!40000 ALTER TABLE `sessions` DISABLE KEYS */;
INSERT INTO `sessions` VALUES ('-77XNiW6demJPzXPPN0CTgP4q8v8W0Cv',1578329198,'{\"cookie\":{\"originalMaxAge\":null,\"expires\":null,\"secure\":true,\"httpOnly\":true,\"path\":\"/\"}}'),('-KpUQ2Hr_cyWt4CujNbZ_UUshaPCVqlI',1578330742,'{\"cookie\":{\"originalMaxAge\":null,\"expires\":null,\"secure\":true,\"httpOnly\":true,\"path\":\"/\"}}'),('-LDg4lYGpxcMTR6_IAFvh_o9wr5o-OIG',1578331613,'{\"cookie\":{\"originalMaxAge\":null,\"expires\":null,\"secure\":true,\"httpOnly\":true,\"path\":\"/\"}}'),('-ROCJvesmfe0a20h4u0vdtyMtYrpR99m',1578331415,'{\"cookie\":{\"originalMaxAge\":null,\"expires\":null,\"secure\":true,\"httpOnly\":true,\"path\":\"/\"}}'),('-RTYvqjUq88BY2c5OzzSzMwPjf4x7jZ4',1578305153,'{\"cookie\":{\"originalMaxAge\":null,\"expires\":null,\"secure\":true,\"httpOnly\":true,\"path\":\"/\"}}'),('-Xl-R2HGKDr7hMBGQXrlF1Z_geBXf41N',1578333410,'{\"cookie\":{\"originalMaxAge\":null,\"expires\":null,\"secure\":true,\"httpOnly\":true,\"path\":\"/\"},\"authenticated\":true,\"user\":{\"id\":1,\"name\":\"Erod Nelps\",\"email\":\"erodnelps@gmail.com\",\"type\":\"bidder\",\"rating\":null}}'),('0Mti01u6aXZ9tl4aJ7NqUgnMKs3iyIVu',1578334807,'{\"cookie\":{\"originalMaxAge\":null,\"expires\":null,\"secure\":true,\"httpOnly\":true,\"path\":\"/\"}}'),('0Wd0SVP8TSjSFECft_ijw3qsNpCINBor',1578254136,'{\"cookie\":{\"originalMaxAge\":3600000,\"expires\":\"2020-01-05T19:55:35.713Z\",\"secure\":true,\"httpOnly\":true,\"path\":\"/\"},\"authenticated\":true,\"user\":{\"id\":1,\"name\":\"Erod Nelps\",\"email\":\"erodnelps@gmail.com\",\"type\":\"bidder\",\"rating\":null}}'),('0YRWgmR9TgXs_71PUtzOILaydzFwAS30',1578331389,'{\"cookie\":{\"originalMaxAge\":null,\"expires\":null,\"secure\":true,\"httpOnly\":true,\"path\":\"/\"}}'),('0zTKXtXp5TbdQWKbVq66d_Zl4evwujvI',1578304492,'{\"cookie\":{\"originalMaxAge\":null,\"expires\":null,\"secure\":true,\"httpOnly\":true,\"path\":\"/\"}}'),('16IVqUotsmdItjc16j0SmLQv6VnlK3qq',1578315429,'{\"cookie\":{\"originalMaxAge\":null,\"expires\":null,\"secure\":true,\"httpOnly\":true,\"path\":\"/\"}}'),('1CMAdEvtg1Hc-dsnry5aGuTFB0y0HEOx',1578333346,'{\"cookie\":{\"originalMaxAge\":null,\"expires\":null,\"secure\":true,\"httpOnly\":true,\"path\":\"/\"},\"authenticated\":true,\"user\":{\"id\":1,\"name\":\"Erod Nelps\",\"email\":\"erodnelps@gmail.com\",\"type\":\"bidder\",\"rating\":null}}'),('1Og-BSGmF3Nf4YOFoAbbDk_AoXjjbnTs',1578304358,'{\"cookie\":{\"originalMaxAge\":null,\"expires\":null,\"secure\":true,\"httpOnly\":true,\"path\":\"/\"}}'),('1SQkc4tt1-_aZXqxcGDtOJF_6QMqdJFZ',1578304360,'{\"cookie\":{\"originalMaxAge\":null,\"expires\":null,\"secure\":true,\"httpOnly\":true,\"path\":\"/\"}}'),('1j3qFwU0cMtrh8wG1Ep8oNBTeoKtcr9c',1578331555,'{\"cookie\":{\"originalMaxAge\":null,\"expires\":null,\"secure\":true,\"httpOnly\":true,\"path\":\"/\"}}'),('1oSIwira__yvLT9B84-jCP5o6VJX2Zga',1578331503,'{\"cookie\":{\"originalMaxAge\":null,\"expires\":null,\"secure\":true,\"httpOnly\":true,\"path\":\"/\"},\"authenticated\":true,\"user\":{\"id\":1,\"name\":\"Erod Nelps\",\"email\":\"erodnelps@gmail.com\",\"type\":\"bidder\",\"rating\":null}}'),('20UBvushS0TNcQJUxyOrsHQOMeHoGBKw',1578254086,'{\"cookie\":{\"originalMaxAge\":3600000,\"expires\":\"2020-01-05T19:54:45.936Z\",\"secure\":true,\"httpOnly\":true,\"path\":\"/\"},\"authenticated\":true,\"user\":{\"id\":1,\"name\":\"Erod Nelps\",\"email\":\"erodnelps@gmail.com\",\"type\":\"bidder\",\"rating\":null}}'),('24tMLj7mIfRGEb0SlDnrd426x8MlDd8E',1578329277,'{\"cookie\":{\"originalMaxAge\":null,\"expires\":null,\"secure\":true,\"httpOnly\":true,\"path\":\"/\"}}'),('2CeChBdjOPCDSjEzcoFw0ZP3l2KH40M9',1578328235,'{\"cookie\":{\"originalMaxAge\":null,\"expires\":null,\"secure\":true,\"httpOnly\":true,\"path\":\"/\"}}'),('2P_RqeiCfzhq0NP5Z5Mbjfx7-eMVOYoy',1578254118,'{\"cookie\":{\"originalMaxAge\":3600000,\"expires\":\"2020-01-05T19:55:17.584Z\",\"secure\":true,\"httpOnly\":true,\"path\":\"/\"}}'),('2RqbktL1ffISYWaqsHqloI3sHL3pT7IE',1578333904,'{\"cookie\":{\"originalMaxAge\":null,\"expires\":null,\"secure\":true,\"httpOnly\":true,\"path\":\"/\"}}'),('2g_dZtsBnsFkGw68LJE13P9Qfd-Bf01U',1578335105,'{\"cookie\":{\"originalMaxAge\":null,\"expires\":null,\"secure\":true,\"httpOnly\":true,\"path\":\"/\"},\"authenticated\":true,\"user\":{\"id\":1,\"name\":\"Erod Nelps\",\"email\":\"erodnelps@gmail.com\",\"type\":\"bidder\",\"rating\":null}}'),('2yNUZ6zm5376i0Ec9EaRCCJMIa6MfExP',1578333395,'{\"cookie\":{\"originalMaxAge\":null,\"expires\":null,\"secure\":true,\"httpOnly\":true,\"path\":\"/\"}}'),('3HF3XumNeZydVKx6hqt5FfhSHsFyh2Yz',1578330384,'{\"cookie\":{\"originalMaxAge\":null,\"expires\":null,\"secure\":true,\"httpOnly\":true,\"path\":\"/\"}}'),('3NjlVuBbg0uQoZsL7zPM7laj3todtx22',1578332650,'{\"cookie\":{\"originalMaxAge\":null,\"expires\":null,\"secure\":true,\"httpOnly\":true,\"path\":\"/\"}}'),('3QRoBW8FO1gDmohiWTFRlQBNmdE5DAC_',1578330998,'{\"cookie\":{\"originalMaxAge\":null,\"expires\":null,\"secure\":true,\"httpOnly\":true,\"path\":\"/\"}}'),('3Tp5RaXGwLDF4wKKFcCuNazid940SbEx',1578332659,'{\"cookie\":{\"originalMaxAge\":null,\"expires\":null,\"secure\":true,\"httpOnly\":true,\"path\":\"/\"},\"authenticated\":true,\"user\":{\"id\":1,\"name\":\"Erod Nelps\",\"email\":\"erodnelps@gmail.com\",\"type\":\"bidder\",\"rating\":null}}'),('3kImtx9cIS7G0L4JLvjxd1uIu8P814zW',1578335254,'{\"cookie\":{\"originalMaxAge\":null,\"expires\":null,\"secure\":true,\"httpOnly\":true,\"path\":\"/\"},\"authenticated\":true,\"user\":{\"id\":1,\"name\":\"Erod Nelps\",\"email\":\"erodnelps@gmail.com\",\"type\":\"bidder\",\"rating\":null}}'),('3sN3vQr8w3y9ikZCBoJQO6TTbgq8oqul',1578333430,'{\"cookie\":{\"originalMaxAge\":null,\"expires\":null,\"secure\":true,\"httpOnly\":true,\"path\":\"/\"}}'),('4Fje4U61TQ-czzScvc6yWwPcYyfIrFt6',1578252998,'{\"cookie\":{\"originalMaxAge\":3600000,\"expires\":\"2020-01-05T19:36:38.321Z\",\"secure\":true,\"httpOnly\":true,\"path\":\"/\"},\"authenticated\":true,\"user\":{\"id\":1,\"name\":\"Erod Nelps\",\"email\":\"erodnelps@gmail.com\",\"type\":\"bidder\",\"rating\":null}}'),('4L9n9CefMVSYmeGObhASGY3IcKAnOO3c',1578304458,'{\"cookie\":{\"originalMaxAge\":null,\"expires\":null,\"secure\":true,\"httpOnly\":true,\"path\":\"/\"}}'),('4MrvRyYM7JQi93Qda86m1nbaWyqRSjlw',1578331018,'{\"cookie\":{\"originalMaxAge\":null,\"expires\":null,\"secure\":true,\"httpOnly\":true,\"path\":\"/\"}}'),('4VaL5hK7DCdd3_b-UptnXO7t6wOwN2jN',1578254060,'{\"cookie\":{\"originalMaxAge\":3600000,\"expires\":\"2020-01-05T19:54:20.087Z\",\"secure\":true,\"httpOnly\":true,\"path\":\"/\"},\"authenticated\":true,\"user\":{\"id\":1,\"name\":\"Erod Nelps\",\"email\":\"erodnelps@gmail.com\",\"type\":\"bidder\",\"rating\":null}}'),('4iYAmW89HlVKLowJ1Yzwv2mXZySxfs3f',1578305699,'{\"cookie\":{\"originalMaxAge\":null,\"expires\":null,\"secure\":true,\"httpOnly\":true,\"path\":\"/\"}}'),('4nZ100Gmk7w-bWRf9FUZZxAl-04gsxj8',1578330741,'{\"cookie\":{\"originalMaxAge\":null,\"expires\":null,\"secure\":true,\"httpOnly\":true,\"path\":\"/\"}}'),('4nezceYJHnSu_UrcJL9FiwtBkW4HU-cE',1578331610,'{\"cookie\":{\"originalMaxAge\":null,\"expires\":null,\"secure\":true,\"httpOnly\":true,\"path\":\"/\"},\"authenticated\":true,\"user\":{\"id\":1,\"name\":\"Erod Nelps\",\"email\":\"erodnelps@gmail.com\",\"type\":\"bidder\",\"rating\":null}}'),('4rA2JScPdk8-SAYdkoOk4CkZB2WeJmXk',1578333435,'{\"cookie\":{\"originalMaxAge\":null,\"expires\":null,\"secure\":true,\"httpOnly\":true,\"path\":\"/\"}}'),('56-wFsRYZIORzqB4EH03yu1zZNL-TrDY',1578329259,'{\"cookie\":{\"originalMaxAge\":null,\"expires\":null,\"secure\":true,\"httpOnly\":true,\"path\":\"/\"}}'),('5RB7hOwa8GHBEzvDwSTu2GmZya6JdSVz',1578331529,'{\"cookie\":{\"originalMaxAge\":null,\"expires\":null,\"secure\":true,\"httpOnly\":true,\"path\":\"/\"},\"authenticated\":true,\"user\":{\"id\":1,\"name\":\"Erod Nelps\",\"email\":\"erodnelps@gmail.com\",\"type\":\"bidder\",\"rating\":null}}'),('5YcumEBzrIeZ7stbvckdsZ5RDwl7EshZ',1578334700,'{\"cookie\":{\"originalMaxAge\":null,\"expires\":null,\"secure\":true,\"httpOnly\":true,\"path\":\"/\"},\"authenticated\":true,\"user\":{\"id\":1,\"name\":\"Erod Nelps\",\"email\":\"erodnelps@gmail.com\",\"type\":\"bidder\",\"rating\":null}}'),('5a6eFxjyzH1b1BaoKDDH2eOpGR7DCsAU',1578331555,'{\"cookie\":{\"originalMaxAge\":null,\"expires\":null,\"secure\":true,\"httpOnly\":true,\"path\":\"/\"},\"authenticated\":true,\"user\":{\"id\":1,\"name\":\"Erod Nelps\",\"email\":\"erodnelps@gmail.com\",\"type\":\"bidder\",\"rating\":null}}'),('5aJEbnAEWPDJ4OJxGBj4ixf1OIfQZgcX',1578332654,'{\"cookie\":{\"originalMaxAge\":null,\"expires\":null,\"secure\":true,\"httpOnly\":true,\"path\":\"/\"}}'),('5aJNVrbC_fUgWnYUO5ranyf33k8Q9JZa',1578333346,'{\"cookie\":{\"originalMaxAge\":null,\"expires\":null,\"secure\":true,\"httpOnly\":true,\"path\":\"/\"}}'),('5eAsfVv4woycgYpB3pMYayfqpZu5_fCf',1578330515,'{\"cookie\":{\"originalMaxAge\":null,\"expires\":null,\"secure\":true,\"httpOnly\":true,\"path\":\"/\"}}'),('5ii2rFOR730JUISLld7ffykB3qGAXd1H',1578333968,'{\"cookie\":{\"originalMaxAge\":null,\"expires\":null,\"secure\":true,\"httpOnly\":true,\"path\":\"/\"},\"authenticated\":true,\"user\":{\"id\":1,\"name\":\"Erod Nelps\",\"email\":\"erodnelps@gmail.com\",\"type\":\"bidder\",\"rating\":null}}'),('5oilz0AIOpWzzPEvn2Dxq-Q2cP-tLYXY',1578304559,'{\"cookie\":{\"originalMaxAge\":null,\"expires\":null,\"secure\":true,\"httpOnly\":true,\"path\":\"/\"}}'),('6W9IZryRwGqjsyzSqjwDdPJNKgPrGBzF',1578330738,'{\"cookie\":{\"originalMaxAge\":null,\"expires\":null,\"secure\":true,\"httpOnly\":true,\"path\":\"/\"}}'),('6as7MH6FSU1e7Qlg5mrO07aYaOvggE43',1578332583,'{\"cookie\":{\"originalMaxAge\":null,\"expires\":null,\"secure\":true,\"httpOnly\":true,\"path\":\"/\"}}'),('6hn9oe7I1bBkdCtwmHHJUgzngNYTkDj0',1578333937,'{\"cookie\":{\"originalMaxAge\":null,\"expires\":null,\"secure\":true,\"httpOnly\":true,\"path\":\"/\"}}'),('6mjLVqkICoIKy6GdH9s_kKqNmYxBS1IG',1578329249,'{\"cookie\":{\"originalMaxAge\":null,\"expires\":null,\"secure\":true,\"httpOnly\":true,\"path\":\"/\"}}'),('6xT-d_GTFJaNvi0995wGHorynFrTN5IU',1578254113,'{\"cookie\":{\"originalMaxAge\":3600000,\"expires\":\"2020-01-05T19:55:13.049Z\",\"secure\":true,\"httpOnly\":true,\"path\":\"/\"}}'),('7hMb2-ARmnvqnE09cytKwybramSqpZ0l',1578331133,'{\"cookie\":{\"originalMaxAge\":null,\"expires\":null,\"secure\":true,\"httpOnly\":true,\"path\":\"/\"},\"authenticated\":null,\"user\":null}'),('7njOlzKaS49HHLGnrtEMzrUEBtoDSFTg',1578254170,'{\"cookie\":{\"originalMaxAge\":3600000,\"expires\":\"2020-01-05T19:56:09.771Z\",\"secure\":true,\"httpOnly\":true,\"path\":\"/\"},\"authenticated\":true,\"user\":{\"id\":1,\"name\":\"Erod Nelps\",\"email\":\"erodnelps@gmail.com\",\"type\":\"bidder\",\"rating\":null}}'),('87kAe8UbTuOgpqfsmTxvlh9m9SaQE7oe',1578334852,'{\"cookie\":{\"originalMaxAge\":null,\"expires\":null,\"secure\":true,\"httpOnly\":true,\"path\":\"/\"}}'),('8Ai7Yuqqyb0LUCihfU6v5fvJWb-sM_MC',1578298522,'{\"cookie\":{\"originalMaxAge\":null,\"expires\":null,\"secure\":true,\"httpOnly\":true,\"path\":\"/\"}}'),('8_jA31dLiqCHFA9LVB4uBiWu07KfhMlw',1578304483,'{\"cookie\":{\"originalMaxAge\":null,\"expires\":null,\"secure\":true,\"httpOnly\":true,\"path\":\"/\"}}'),('8f8v72SaM_snfSe15uYv4PKIBLn5Ft6Z',1578333271,'{\"cookie\":{\"originalMaxAge\":null,\"expires\":null,\"secure\":true,\"httpOnly\":true,\"path\":\"/\"},\"authenticated\":true,\"user\":{\"id\":1,\"name\":\"Erod Nelps\",\"email\":\"erodnelps@gmail.com\",\"type\":\"bidder\",\"rating\":null}}'),('8g6P8Yopo0jtL3juaMVF8HNWHemB2qdf',1578304359,'{\"cookie\":{\"originalMaxAge\":null,\"expires\":null,\"secure\":true,\"httpOnly\":true,\"path\":\"/\"}}'),('9KdRrG9AHbiNGcHeymxKVtyyElOUaOcX',1578253635,'{\"cookie\":{\"originalMaxAge\":3600000,\"expires\":\"2020-01-05T19:47:14.951Z\",\"secure\":true,\"httpOnly\":true,\"path\":\"/\"},\"authenticated\":true,\"user\":{\"id\":1,\"name\":\"Erod Nelps\",\"email\":\"erodnelps@gmail.com\",\"type\":\"bidder\",\"rating\":null}}'),('9NGBqUqiNt9KvHEIybxfHHEw6sxYs37t',1578304457,'{\"cookie\":{\"originalMaxAge\":null,\"expires\":null,\"secure\":true,\"httpOnly\":true,\"path\":\"/\"}}'),('9eb6i981hVuqw-9SL3tYPVZg33hldTot',1578326225,'{\"cookie\":{\"originalMaxAge\":null,\"expires\":null,\"secure\":true,\"httpOnly\":true,\"path\":\"/\"}}'),('A1C9NrtlQSCpJjfuq02vddbHU0CflvuR',1578332590,'{\"cookie\":{\"originalMaxAge\":null,\"expires\":null,\"secure\":true,\"httpOnly\":true,\"path\":\"/\"},\"authenticated\":true,\"user\":{\"id\":1,\"name\":\"Erod Nelps\",\"email\":\"erodnelps@gmail.com\",\"type\":\"bidder\",\"rating\":null}}'),('A56wjOBAtXHMILgcr1upNpsgLeDQAejj',1578334769,'{\"cookie\":{\"originalMaxAge\":null,\"expires\":null,\"secure\":true,\"httpOnly\":true,\"path\":\"/\"},\"authenticated\":true,\"user\":{\"id\":1,\"name\":\"Erod Nelps\",\"email\":\"erodnelps@gmail.com\",\"type\":\"bidder\",\"rating\":null}}'),('ARpKP4xSORqv-RfFPzH6EipllQpgnQ4d',1578254109,'{\"cookie\":{\"originalMaxAge\":3600000,\"expires\":\"2020-01-05T19:55:09.292Z\",\"secure\":true,\"httpOnly\":true,\"path\":\"/\"}}'),('AUqM0WhXOfr9BL1ACjVZNxZWhHhA_lfB',1578333368,'{\"cookie\":{\"originalMaxAge\":null,\"expires\":null,\"secure\":true,\"httpOnly\":true,\"path\":\"/\"}}'),('AiMekiKVWATKqP985HuJhinKTKu4N0-i',1578311000,'{\"cookie\":{\"originalMaxAge\":null,\"expires\":null,\"secure\":true,\"httpOnly\":true,\"path\":\"/\"}}'),('AuiLu5huGQYSmimk8VvtYra3AY6vTON-',1578334790,'{\"cookie\":{\"originalMaxAge\":null,\"expires\":null,\"secure\":true,\"httpOnly\":true,\"path\":\"/\"},\"authenticated\":true,\"user\":{\"id\":1,\"name\":\"Erod Nelps\",\"email\":\"erodnelps@gmail.com\",\"type\":\"bidder\",\"rating\":null}}'),('B1VMKdav1JsQf5FbaYDFBloO2LeREsuu',1578328103,'{\"cookie\":{\"originalMaxAge\":null,\"expires\":null,\"secure\":true,\"httpOnly\":true,\"path\":\"/\"}}'),('B7lN2UQOuJQk8H9_bPqX3MgVc_yhPlfK',1578304358,'{\"cookie\":{\"originalMaxAge\":null,\"expires\":null,\"secure\":true,\"httpOnly\":true,\"path\":\"/\"}}'),('BBN5ILtS7Zo0OkkDN8bX6r6Q8IdweKAh',1578304458,'{\"cookie\":{\"originalMaxAge\":null,\"expires\":null,\"secure\":true,\"httpOnly\":true,\"path\":\"/\"}}'),('BU90xppLQ30g9g7igAnk-ykR3DqsxMJz',1578334827,'{\"cookie\":{\"originalMaxAge\":null,\"expires\":null,\"secure\":true,\"httpOnly\":true,\"path\":\"/\"}}'),('BjNnvnKbWUg28X6MljPQ8oe4HW0cGNnm',1578331133,'{\"cookie\":{\"originalMaxAge\":null,\"expires\":null,\"secure\":true,\"httpOnly\":true,\"path\":\"/\"},\"authenticated\":true,\"user\":{\"id\":1,\"name\":\"Erod Nelps\",\"email\":\"erodnelps@gmail.com\",\"type\":\"bidder\",\"rating\":null}}'),('CB89LCqkkSrtUlelhWy2dxLwKJiv0NfH',1578311129,'{\"cookie\":{\"originalMaxAge\":null,\"expires\":null,\"secure\":true,\"httpOnly\":true,\"path\":\"/\"}}'),('CCcpB2gZWHQ-3eYV9WfOnA976LBvEaDn',1578329565,'{\"cookie\":{\"originalMaxAge\":null,\"expires\":null,\"secure\":true,\"httpOnly\":true,\"path\":\"/\"}}'),('Cmp_gaRiEh2bIsH9pQGqjEQcSS7OjCVC',1578332649,'{\"cookie\":{\"originalMaxAge\":null,\"expires\":null,\"secure\":true,\"httpOnly\":true,\"path\":\"/\"}}'),('CvW2zbh7jumKXxKu7wUffQ1QKhplnFi2',1578330897,'{\"cookie\":{\"originalMaxAge\":null,\"expires\":null,\"secure\":true,\"httpOnly\":true,\"path\":\"/\"},\"authenticated\":true,\"user\":{\"id\":1,\"name\":\"Erod Nelps\",\"email\":\"erodnelps@gmail.com\",\"type\":\"bidder\",\"rating\":null}}'),('Cwrahx061n0fXnNqPdHHBmUNtfOp2Sav',1578304481,'{\"cookie\":{\"originalMaxAge\":null,\"expires\":null,\"secure\":true,\"httpOnly\":true,\"path\":\"/\"}}'),('D9ZJoyDt6Gnqwrz2n0xFDRM-E62UYKEv',1578335138,'{\"cookie\":{\"originalMaxAge\":null,\"expires\":null,\"secure\":true,\"httpOnly\":true,\"path\":\"/\"},\"authenticated\":true,\"user\":{\"id\":1,\"name\":\"Erod Nelps\",\"email\":\"erodnelps@gmail.com\",\"type\":\"bidder\",\"rating\":null}}'),('DNJ0WsAX67QPaeYSzCOOzD5yS_GFbSsS',1578334863,'{\"cookie\":{\"originalMaxAge\":null,\"expires\":null,\"secure\":true,\"httpOnly\":true,\"path\":\"/\"},\"authenticated\":true,\"user\":{\"id\":3,\"name\":\"Lena\",\"email\":\"lena@gmail.com\",\"type\":\"admin\",\"rating\":null}}'),('Dnup78hZmIDUvTnVejLx7pjfqBxHrCbP',1578331008,'{\"cookie\":{\"originalMaxAge\":null,\"expires\":null,\"secure\":true,\"httpOnly\":true,\"path\":\"/\"}}'),('E4YU0tDCF5Cin0SNGkc7EpRERBd5qltb',1578314121,'{\"cookie\":{\"originalMaxAge\":null,\"expires\":null,\"secure\":true,\"httpOnly\":true,\"path\":\"/\"}}'),('EcRsARnN-wxR_d7srmQp-CK4cUz8PrSk',1578304360,'{\"cookie\":{\"originalMaxAge\":null,\"expires\":null,\"secure\":true,\"httpOnly\":true,\"path\":\"/\"}}'),('EejuCo7VfgMbmDFmfsnGAF2_zlIQkB4X',1578333418,'{\"cookie\":{\"originalMaxAge\":null,\"expires\":null,\"secure\":true,\"httpOnly\":true,\"path\":\"/\"}}'),('EtS0UmoQkKJAKi8cJLSKZH59aKz7Gn8b',1578333959,'{\"cookie\":{\"originalMaxAge\":null,\"expires\":null,\"secure\":true,\"httpOnly\":true,\"path\":\"/\"}}'),('F9s3-DHAz1VOwTSxUjsUWDM-yE2kgr48',1578334785,'{\"cookie\":{\"originalMaxAge\":null,\"expires\":null,\"secure\":true,\"httpOnly\":true,\"path\":\"/\"}}'),('FCmtXV-WNSEe_ulvGNIxM1qsg982pPrj',1578333173,'{\"cookie\":{\"originalMaxAge\":null,\"expires\":null,\"secure\":true,\"httpOnly\":true,\"path\":\"/\"},\"authenticated\":true,\"user\":{\"id\":1,\"name\":\"Erod Nelps\",\"email\":\"erodnelps@gmail.com\",\"type\":\"bidder\",\"rating\":null}}'),('FGGXhqsgJTK5dB2lsu0gKYcjUPFoJC12',1578305420,'{\"cookie\":{\"originalMaxAge\":null,\"expires\":null,\"secure\":true,\"httpOnly\":true,\"path\":\"/\"}}'),('FHY3Qhima9KPbzcTrZe5sVygVa1CoKKz',1578333334,'{\"cookie\":{\"originalMaxAge\":null,\"expires\":null,\"secure\":true,\"httpOnly\":true,\"path\":\"/\"}}'),('FV5h-w2nXHNagequ2mPrrllphPUbnaib',1578304457,'{\"cookie\":{\"originalMaxAge\":null,\"expires\":null,\"secure\":true,\"httpOnly\":true,\"path\":\"/\"}}'),('FlVZJXTmoimYugSrHr_mLGmUUJRSqPwX',1578305222,'{\"cookie\":{\"originalMaxAge\":null,\"expires\":null,\"secure\":true,\"httpOnly\":true,\"path\":\"/\"}}'),('FqEfvf7K9EF4oSg3Adxbmzj_X3ARN_ow',1578304623,'{\"cookie\":{\"originalMaxAge\":null,\"expires\":null,\"secure\":true,\"httpOnly\":true,\"path\":\"/\"}}'),('GHOBU5QqYyvfqiUlcXTM9OiHD18NNbFF',1578304507,'{\"cookie\":{\"originalMaxAge\":null,\"expires\":null,\"secure\":true,\"httpOnly\":true,\"path\":\"/\"}}'),('GldodF_ucqNWPfRxA1mCy8vJuiXkZBss',1578330738,'{\"cookie\":{\"originalMaxAge\":null,\"expires\":null,\"secure\":true,\"httpOnly\":true,\"path\":\"/\"}}'),('GoJASYI2BwFuYgoNbqjy3wo0XpkGgyWM',1578331498,'{\"cookie\":{\"originalMaxAge\":null,\"expires\":null,\"secure\":true,\"httpOnly\":true,\"path\":\"/\"}}'),('Gyy3Cdmf_rr1WJWbI-AjYhzQzOQOV7Ai',1578331924,'{\"cookie\":{\"originalMaxAge\":null,\"expires\":null,\"secure\":true,\"httpOnly\":true,\"path\":\"/\"}}'),('H2h6vj2YC4nLRjyBS4nHo3qq8mQIHj_R',1578329378,'{\"cookie\":{\"originalMaxAge\":null,\"expires\":null,\"secure\":true,\"httpOnly\":true,\"path\":\"/\"},\"authenticated\":true,\"user\":{\"id\":1,\"name\":\"Erod Nelps\",\"email\":\"erodnelps@gmail.com\",\"type\":\"bidder\",\"rating\":null}}'),('HKwXFLgMYrEjhqV4KYPqvZxfkhQ2vzx-',1578330738,'{\"cookie\":{\"originalMaxAge\":null,\"expires\":null,\"secure\":true,\"httpOnly\":true,\"path\":\"/\"}}'),('Hc6Y50_APjFCatB1cuHWDczc_iKS4dZ6',1578305176,'{\"cookie\":{\"originalMaxAge\":null,\"expires\":null,\"secure\":true,\"httpOnly\":true,\"path\":\"/\"}}'),('HcApw88Q2omBVMXvCrl5Y5ty2n1IY--F',1578330746,'{\"cookie\":{\"originalMaxAge\":null,\"expires\":null,\"secure\":true,\"httpOnly\":true,\"path\":\"/\"}}'),('HoN0EXAC3zGROU3EDjRzyoZi-9UnbDpu',1578331903,'{\"cookie\":{\"originalMaxAge\":null,\"expires\":null,\"secure\":true,\"httpOnly\":true,\"path\":\"/\"}}'),('HrtbmglpCaFWp55R-7QHt3PIOFNIDHwR',1578311129,'{\"cookie\":{\"originalMaxAge\":null,\"expires\":null,\"secure\":true,\"httpOnly\":true,\"path\":\"/\"}}'),('I1TSV4HrwnLAnyo0t4Z83xXaouaCVcpF',1578304888,'{\"cookie\":{\"originalMaxAge\":null,\"expires\":null,\"secure\":true,\"httpOnly\":true,\"path\":\"/\"}}'),('ILWcVaRtgLqMeFlw02sfl5qgEIwOXJtO',1578311000,'{\"cookie\":{\"originalMaxAge\":null,\"expires\":null,\"secure\":true,\"httpOnly\":true,\"path\":\"/\"}}'),('JG6BctZZr1PncXuauSkZ09Qg_RXhS38x',1578333435,'{\"cookie\":{\"originalMaxAge\":null,\"expires\":null,\"secure\":true,\"httpOnly\":true,\"path\":\"/\"},\"authenticated\":true,\"user\":{\"id\":1,\"name\":\"Erod Nelps\",\"email\":\"erodnelps@gmail.com\",\"type\":\"bidder\",\"rating\":null}}'),('JMwaVrHeHtbjj7xmdhf7OKXkdAYDNzUd',1578254101,'{\"cookie\":{\"originalMaxAge\":3600000,\"expires\":\"2020-01-05T19:55:00.755Z\",\"secure\":true,\"httpOnly\":true,\"path\":\"/\"}}'),('Jbba7WWiAnWTcpJUWpBMib14vS3Fad4s',1578311129,'{\"cookie\":{\"originalMaxAge\":null,\"expires\":null,\"secure\":true,\"httpOnly\":true,\"path\":\"/\"}}'),('KB_XZUcWnNpRARIE3jDI5zvF4NEqD8Um',1578331097,'{\"cookie\":{\"originalMaxAge\":null,\"expires\":null,\"secure\":true,\"httpOnly\":true,\"path\":\"/\"},\"authenticated\":null,\"user\":null}'),('KJicizT5GBmR-Cwvy7JHFggVI9DzvAYW',1578304458,'{\"cookie\":{\"originalMaxAge\":null,\"expires\":null,\"secure\":true,\"httpOnly\":true,\"path\":\"/\"}}'),('KUIGetF2Wjkm9VrRitT1JkoPTRBgKwWW',1578333391,'{\"cookie\":{\"originalMaxAge\":null,\"expires\":null,\"secure\":true,\"httpOnly\":true,\"path\":\"/\"},\"authenticated\":true,\"user\":{\"id\":1,\"name\":\"Erod Nelps\",\"email\":\"erodnelps@gmail.com\",\"type\":\"bidder\",\"rating\":null}}'),('KbYWJWoFNtrv67tEVRmSp1MCjv8kR-Zh',1578330974,'{\"cookie\":{\"originalMaxAge\":null,\"expires\":null,\"secure\":true,\"httpOnly\":true,\"path\":\"/\"}}'),('Krma7dD1iLswm71W7lzuQcsRt2qPDICR',1578328235,'{\"cookie\":{\"originalMaxAge\":null,\"expires\":null,\"secure\":true,\"httpOnly\":true,\"path\":\"/\"}}'),('LSwueqFjnbyIqpV2o6g7TBjndzcpYCtP',1578334764,'{\"cookie\":{\"originalMaxAge\":null,\"expires\":null,\"secure\":true,\"httpOnly\":true,\"path\":\"/\"}}'),('LwzfgFVhsjK8Fcs4B2FBvNP0Cz9slk8C',1578305127,'{\"cookie\":{\"originalMaxAge\":null,\"expires\":null,\"secure\":true,\"httpOnly\":true,\"path\":\"/\"}}'),('M4yaPg5Ubnxo-iDIRXyiSzLMYn8IywmE',1578333947,'{\"cookie\":{\"originalMaxAge\":null,\"expires\":null,\"secure\":true,\"httpOnly\":true,\"path\":\"/\"}}'),('M5rk7QZn5P8wVNP4UwWWG_074tMSnwvz',1578333386,'{\"cookie\":{\"originalMaxAge\":null,\"expires\":null,\"secure\":true,\"httpOnly\":true,\"path\":\"/\"}}'),('MQpfJlNpGUhUq_6jxcq_pr8JpS1-_WdN',1578333378,'{\"cookie\":{\"originalMaxAge\":null,\"expires\":null,\"secure\":true,\"httpOnly\":true,\"path\":\"/\"}}'),('NRDynjvMSmOwOZNArIZd-ze7g710eXtK',1578304487,'{\"cookie\":{\"originalMaxAge\":null,\"expires\":null,\"secure\":true,\"httpOnly\":true,\"path\":\"/\"}}'),('Nkv7eC1dlkPpAk0b4hzOtsA4Cls1sPMC',1578333391,'{\"cookie\":{\"originalMaxAge\":null,\"expires\":null,\"secure\":true,\"httpOnly\":true,\"path\":\"/\"}}'),('OIeP5VW9DsRP6Xqhd4u1ujYfR6eibLxo',1578305127,'{\"cookie\":{\"originalMaxAge\":null,\"expires\":null,\"secure\":true,\"httpOnly\":true,\"path\":\"/\"}}'),('OJubcsgBYkxk75i2TIXcauPSsVXE-Pg9',1578330506,'{\"cookie\":{\"originalMaxAge\":null,\"expires\":null,\"secure\":true,\"httpOnly\":true,\"path\":\"/\"}}'),('OR9oF_KodkPMFjvEW6APHTdvxneXrKF8',1578304457,'{\"cookie\":{\"originalMaxAge\":null,\"expires\":null,\"secure\":true,\"httpOnly\":true,\"path\":\"/\"}}'),('O_SJV_rJKfvlqtrtG5o9IQt_8u_i05Ae',1578304458,'{\"cookie\":{\"originalMaxAge\":null,\"expires\":null,\"secure\":true,\"httpOnly\":true,\"path\":\"/\"}}'),('Okh5p7ivY8aLh48dXCQjM2nGyYGt_0So',1578309746,'{\"cookie\":{\"originalMaxAge\":null,\"expires\":null,\"secure\":true,\"httpOnly\":true,\"path\":\"/\"}}'),('PN7XvWSn0KqecpA7F2bQox8C2V8vRVp1',1578332239,'{\"cookie\":{\"originalMaxAge\":null,\"expires\":null,\"secure\":true,\"httpOnly\":true,\"path\":\"/\"}}'),('PS-_Ll_3eoxBrSzt57nlG7v8_hgi2nnc',1578330892,'{\"cookie\":{\"originalMaxAge\":null,\"expires\":null,\"secure\":true,\"httpOnly\":true,\"path\":\"/\"}}'),('PdBXkkDMsPZ8IPYdMjdPhBGjbsj5pmde',1578311127,'{\"cookie\":{\"originalMaxAge\":null,\"expires\":null,\"secure\":true,\"httpOnly\":true,\"path\":\"/\"}}'),('PxttCUv4Bg0wEB6p-CuWyYfNfsEXhxJZ',1578331422,'{\"cookie\":{\"originalMaxAge\":null,\"expires\":null,\"secure\":true,\"httpOnly\":true,\"path\":\"/\"}}'),('Q0rgwzdDgcRYzRwDS9uzi90DyR1QrDlI',1578305222,'{\"cookie\":{\"originalMaxAge\":null,\"expires\":null,\"secure\":true,\"httpOnly\":true,\"path\":\"/\"}}'),('Q4uTxUPFxpSWo9SFA211Zw9JMirIsqNT',1578305523,'{\"cookie\":{\"originalMaxAge\":null,\"expires\":null,\"secure\":true,\"httpOnly\":true,\"path\":\"/\"}}'),('QTKfI8AqeA9XRNXZpbxFh-XdGjQ5HWXv',1578305138,'{\"cookie\":{\"originalMaxAge\":null,\"expires\":null,\"secure\":true,\"httpOnly\":true,\"path\":\"/\"}}'),('QVZUyeCxaKz7n7KN_2BYF6nhk4LTCpy4',1578333916,'{\"cookie\":{\"originalMaxAge\":null,\"expires\":null,\"secure\":true,\"httpOnly\":true,\"path\":\"/\"},\"authenticated\":true,\"user\":{\"id\":1,\"name\":\"Erod Nelps\",\"email\":\"erodnelps@gmail.com\",\"type\":\"bidder\",\"rating\":null}}'),('R3ZoqOpC1-owzrxEQtqFlTyuQcXkB4Np',1578305108,'{\"cookie\":{\"originalMaxAge\":null,\"expires\":null,\"secure\":true,\"httpOnly\":true,\"path\":\"/\"}}'),('RA3HwfVsCtxfN90r5njmo7aQFpvJnkI3',1578331391,'{\"cookie\":{\"originalMaxAge\":null,\"expires\":null,\"secure\":true,\"httpOnly\":true,\"path\":\"/\"}}'),('RMdTmK5VWcTdjzATPusWaihpbHJxxUqS',1578331388,'{\"cookie\":{\"originalMaxAge\":null,\"expires\":null,\"secure\":true,\"httpOnly\":true,\"path\":\"/\"}}'),('Rlvi-U-AVlnGYIjf_860A_lfCOMZQTU0',1578328262,'{\"cookie\":{\"originalMaxAge\":null,\"expires\":null,\"secure\":true,\"httpOnly\":true,\"path\":\"/\"}}'),('SUbRzZWGm-ysZ9ev2N_0rmU4s9AWu89o',1578333279,'{\"cookie\":{\"originalMaxAge\":null,\"expires\":null,\"secure\":true,\"httpOnly\":true,\"path\":\"/\"},\"authenticated\":true,\"user\":{\"id\":1,\"name\":\"Erod Nelps\",\"email\":\"erodnelps@gmail.com\",\"type\":\"bidder\",\"rating\":null}}'),('TAg9nBX7vFlgR0iuvtWHdL16hus6VfGl',1578333417,'{\"cookie\":{\"originalMaxAge\":null,\"expires\":null,\"secure\":true,\"httpOnly\":true,\"path\":\"/\"}}'),('TdPMNG77tn_dJjXW9XndErjf4-AVdpZn',1578332590,'{\"cookie\":{\"originalMaxAge\":null,\"expires\":null,\"secure\":true,\"httpOnly\":true,\"path\":\"/\"}}'),('TrE7obP7kuJ1i23SVVI5RKA-lk93A4yZ',1578333943,'{\"cookie\":{\"originalMaxAge\":null,\"expires\":null,\"secure\":true,\"httpOnly\":true,\"path\":\"/\"}}'),('U-C6HZjdQSVtTBf-XPBAyw3DL5s21hAu',1578331532,'{\"cookie\":{\"originalMaxAge\":null,\"expires\":null,\"secure\":true,\"httpOnly\":true,\"path\":\"/\"}}'),('UVyYl6EawU8dx3Pu3z70go4avYJKHX8T',1578333333,'{\"cookie\":{\"originalMaxAge\":null,\"expires\":null,\"secure\":true,\"httpOnly\":true,\"path\":\"/\"}}'),('Ub12Lrmtlpk7_0Htrmd1Ac6zw85NUF7z',1578335088,'{\"cookie\":{\"originalMaxAge\":null,\"expires\":null,\"secure\":true,\"httpOnly\":true,\"path\":\"/\"},\"authenticated\":true,\"user\":{\"id\":1,\"name\":\"Erod Nelps\",\"email\":\"erodnelps@gmail.com\",\"type\":\"bidder\",\"rating\":null}}'),('Ub7i1XTad8T_4CPfgm1cox-jj0bHKn66',1578305523,'{\"cookie\":{\"originalMaxAge\":null,\"expires\":null,\"secure\":true,\"httpOnly\":true,\"path\":\"/\"}}'),('Ug4BDbj6kqfDyty5CT9L0j2A5y3ZO0nZ',1578330494,'{\"cookie\":{\"originalMaxAge\":null,\"expires\":null,\"secure\":true,\"httpOnly\":true,\"path\":\"/\"}}'),('Uh4OViIpzCCGWbqJya3h9Eff-szJrCov',1578305154,'{\"cookie\":{\"originalMaxAge\":null,\"expires\":null,\"secure\":true,\"httpOnly\":true,\"path\":\"/\"}}'),('VVMxzf9kO4PyufstmsjUvgQsC5vooo4M',1578333938,'{\"cookie\":{\"originalMaxAge\":null,\"expires\":null,\"secure\":true,\"httpOnly\":true,\"path\":\"/\"}}'),('VfC0rUZ9kwzMeFTULc8DMcInHh71DMcL',1578305420,'{\"cookie\":{\"originalMaxAge\":null,\"expires\":null,\"secure\":true,\"httpOnly\":true,\"path\":\"/\"}}'),('W0Ju8BXV0z_ME5EeA5PUecjF0b54QouB',1578253019,'{\"cookie\":{\"originalMaxAge\":3600000,\"expires\":\"2020-01-05T19:36:59.229Z\",\"secure\":true,\"httpOnly\":true,\"path\":\"/\"},\"authenticated\":true,\"user\":{\"id\":1,\"name\":\"Erod Nelps\",\"email\":\"erodnelps@gmail.com\",\"type\":\"bidder\",\"rating\":null}}'),('W7-eZG7EPOACUiPRIijQV_gxBftLlBE1',1578314005,'{\"cookie\":{\"originalMaxAge\":null,\"expires\":null,\"secure\":true,\"httpOnly\":true,\"path\":\"/\"}}'),('WEJC6uBzavsi1v7Dfo-L6q21h0G1ZowW',1578332230,'{\"cookie\":{\"originalMaxAge\":null,\"expires\":null,\"secure\":true,\"httpOnly\":true,\"path\":\"/\"}}'),('WRSh0_BZ2I7gYJmSyM0gfgIx2UBdPOdW',1578305242,'{\"cookie\":{\"originalMaxAge\":null,\"expires\":null,\"secure\":true,\"httpOnly\":true,\"path\":\"/\"}}'),('WioH0zg6JU5vtS1DCmVlYCbkKquQJSwL',1578331008,'{\"cookie\":{\"originalMaxAge\":null,\"expires\":null,\"secure\":true,\"httpOnly\":true,\"path\":\"/\"}}'),('XhrT3LjJa1LzVobeCKwWUXqRjWhYJZ2r',1578333937,'{\"cookie\":{\"originalMaxAge\":null,\"expires\":null,\"secure\":true,\"httpOnly\":true,\"path\":\"/\"}}'),('XtJP__NHMlsABi32L0gQKh3BhXp_uRy7',1578330743,'{\"cookie\":{\"originalMaxAge\":null,\"expires\":null,\"secure\":true,\"httpOnly\":true,\"path\":\"/\"}}'),('YL363NHNAbJM3UuaVGUF5XNMrNDseUtk',1578330283,'{\"cookie\":{\"originalMaxAge\":null,\"expires\":null,\"secure\":true,\"httpOnly\":true,\"path\":\"/\"}}'),('YMNauSI_mzFIkq-Dpa58IEdx9fDifA9V',1578254146,'{\"cookie\":{\"originalMaxAge\":3600000,\"expires\":\"2020-01-05T19:55:46.310Z\",\"secure\":true,\"httpOnly\":true,\"path\":\"/\"}}'),('YQkdp_dppi7sxt--pQiuW27l0oUUGl3e',1578331517,'{\"cookie\":{\"originalMaxAge\":null,\"expires\":null,\"secure\":true,\"httpOnly\":true,\"path\":\"/\"}}'),('YcoqmfBDI_acQ38bvGnIVjFm3oQHWkBw',1578330251,'{\"cookie\":{\"originalMaxAge\":null,\"expires\":null,\"secure\":true,\"httpOnly\":true,\"path\":\"/\"}}'),('YmBvifpdK_uOZQZADvlSl81btBCZCjpg',1578333370,'{\"cookie\":{\"originalMaxAge\":null,\"expires\":null,\"secure\":true,\"httpOnly\":true,\"path\":\"/\"}}'),('_-MWMfUq1Vfqk81fW2nCUSG797mzaGQw',1578304672,'{\"cookie\":{\"originalMaxAge\":null,\"expires\":null,\"secure\":true,\"httpOnly\":true,\"path\":\"/\"}}'),('_bwCDNdc-Zq-KWVgB7R7x_VoF_qBdufr',1578304360,'{\"cookie\":{\"originalMaxAge\":null,\"expires\":null,\"secure\":true,\"httpOnly\":true,\"path\":\"/\"}}'),('_iEDpkXu8MA-74B6-34nTIhK1vrhvtKg',1578305395,'{\"cookie\":{\"originalMaxAge\":null,\"expires\":null,\"secure\":true,\"httpOnly\":true,\"path\":\"/\"}}'),('_lW6D3ChF8PnQHOdecyW40wqOV3bnExT',1578333968,'{\"cookie\":{\"originalMaxAge\":null,\"expires\":null,\"secure\":true,\"httpOnly\":true,\"path\":\"/\"}}'),('_oA8nnk3oZoEWEPBGIiusstql_tSIi2p',1578326710,'{\"cookie\":{\"originalMaxAge\":null,\"expires\":null,\"secure\":true,\"httpOnly\":true,\"path\":\"/\"}}'),('_szLNbsI7uku9fsrlZSVOBaAtGn6oJ-6',1578304888,'{\"cookie\":{\"originalMaxAge\":null,\"expires\":null,\"secure\":true,\"httpOnly\":true,\"path\":\"/\"}}'),('_tbzpwjhWXUrTLu4dIcm8-5-L76q3XKW',1578333374,'{\"cookie\":{\"originalMaxAge\":null,\"expires\":null,\"secure\":true,\"httpOnly\":true,\"path\":\"/\"}}'),('a7fA-R6C7zffw2xKH82HfC-ywrUgrnfR',1578304458,'{\"cookie\":{\"originalMaxAge\":null,\"expires\":null,\"secure\":true,\"httpOnly\":true,\"path\":\"/\"}}'),('aO7_QXv1tx1bciEBCOegdIJ7NDUz8BJ3',1578311129,'{\"cookie\":{\"originalMaxAge\":null,\"expires\":null,\"secure\":true,\"httpOnly\":true,\"path\":\"/\"}}'),('b0Uzz7dlZUPfvz-YtQj7jF0V6k4kx7kk',1578329284,'{\"cookie\":{\"originalMaxAge\":null,\"expires\":null,\"secure\":true,\"httpOnly\":true,\"path\":\"/\"},\"authenticated\":true,\"user\":{\"id\":1,\"name\":\"Erod Nelps\",\"email\":\"erodnelps@gmail.com\",\"type\":\"bidder\",\"rating\":null}}'),('b3DVx4kehcax4DbcrgDoY_dWhYYuJEPn',1578333423,'{\"cookie\":{\"originalMaxAge\":null,\"expires\":null,\"secure\":true,\"httpOnly\":true,\"path\":\"/\"}}'),('b7MaBInjRVEojpomXEVOu0O0ERCj7s4L',1578333211,'{\"cookie\":{\"originalMaxAge\":null,\"expires\":null,\"secure\":true,\"httpOnly\":true,\"path\":\"/\"}}'),('bE5GYLewfhyngN2j0OC2iVdhQB4x5bV5',1578331529,'{\"cookie\":{\"originalMaxAge\":null,\"expires\":null,\"secure\":true,\"httpOnly\":true,\"path\":\"/\"}}'),('bauNH1l-eDCB3jW7-YwKeD50nsJpWyGy',1578315416,'{\"cookie\":{\"originalMaxAge\":null,\"expires\":null,\"secure\":true,\"httpOnly\":true,\"path\":\"/\"}}'),('bgwTghhq_5ADpR4y6ZYJkU63vUdba_pB',1578315416,'{\"cookie\":{\"originalMaxAge\":null,\"expires\":null,\"secure\":true,\"httpOnly\":true,\"path\":\"/\"}}'),('btzN7NYUbRIAf7_HwA9Rr8hERJEXo0ZW',1578254164,'{\"cookie\":{\"originalMaxAge\":3600000,\"expires\":\"2020-01-05T19:56:03.511Z\",\"secure\":true,\"httpOnly\":true,\"path\":\"/\"}}'),('buu_a8Up15BxlsBBXjTWFYLa67-VETvA',1578330435,'{\"cookie\":{\"originalMaxAge\":null,\"expires\":null,\"secure\":true,\"httpOnly\":true,\"path\":\"/\"}}'),('bxCJQd3HAEGUn8eliSjx9aR_C7FegtGe',1578304365,'{\"cookie\":{\"originalMaxAge\":null,\"expires\":null,\"secure\":true,\"httpOnly\":true,\"path\":\"/\"}}'),('cBJsdR5byHkWW7abtz_c7S7-sVMc_6SQ',1578330747,'{\"cookie\":{\"originalMaxAge\":null,\"expires\":null,\"secure\":true,\"httpOnly\":true,\"path\":\"/\"}}'),('cJvLUdN6q_uRVZmxlRxFx-ULG8fyD24L',1578304457,'{\"cookie\":{\"originalMaxAge\":null,\"expires\":null,\"secure\":true,\"httpOnly\":true,\"path\":\"/\"}}'),('cNth9wuTQERgi-ocN3nK5HJO9pCqf0CB',1578309754,'{\"cookie\":{\"originalMaxAge\":null,\"expires\":null,\"secure\":true,\"httpOnly\":true,\"path\":\"/\"}}'),('cTvF8tN4Hod_eaSq45gQ07Oxae6wV7Qh',1578331503,'{\"cookie\":{\"originalMaxAge\":null,\"expires\":null,\"secure\":true,\"httpOnly\":true,\"path\":\"/\"}}'),('cUv85lPVFRyBiiurbF5Fk-w6eZa5sSMW',1578254106,'{\"cookie\":{\"originalMaxAge\":3600000,\"expires\":\"2020-01-05T19:55:06.497Z\",\"secure\":true,\"httpOnly\":true,\"path\":\"/\"},\"authenticated\":true,\"user\":{\"id\":1,\"name\":\"Erod Nelps\",\"email\":\"erodnelps@gmail.com\",\"type\":\"bidder\",\"rating\":null}}'),('dKqnvkWsWKOx8ymCdDjYwR4K4KuTRTSm',1578304457,'{\"cookie\":{\"originalMaxAge\":null,\"expires\":null,\"secure\":true,\"httpOnly\":true,\"path\":\"/\"}}'),('d_thSXcKgvugkQmzjNCJomjKx4p4J0O4',1578330974,'{\"cookie\":{\"originalMaxAge\":null,\"expires\":null,\"secure\":true,\"httpOnly\":true,\"path\":\"/\"},\"authenticated\":true,\"user\":{\"id\":1,\"name\":\"Erod Nelps\",\"email\":\"erodnelps@gmail.com\",\"type\":\"bidder\",\"rating\":null}}'),('dw59IClcst92fVtxVUDFQYkd8GcOMfXg',1578305107,'{\"cookie\":{\"originalMaxAge\":null,\"expires\":null,\"secure\":true,\"httpOnly\":true,\"path\":\"/\"}}'),('e2WNmRdAJy_MxSN8pP8WxiWn7ZhPWHkP',1578329360,'{\"cookie\":{\"originalMaxAge\":null,\"expires\":null,\"secure\":true,\"httpOnly\":true,\"path\":\"/\"}}'),('f8Ifyd3W9LCYm9auVDGGz_0ioT2Jx__6',1578305188,'{\"cookie\":{\"originalMaxAge\":null,\"expires\":null,\"secure\":true,\"httpOnly\":true,\"path\":\"/\"}}'),('fP-_KTwEVEZevFwlRB4l-iE21k7p1I0n',1578305188,'{\"cookie\":{\"originalMaxAge\":null,\"expires\":null,\"secure\":true,\"httpOnly\":true,\"path\":\"/\"}}'),('fcqTc4wYpW78wTsNTLEHs8E8PoXTfVZP',1578333916,'{\"cookie\":{\"originalMaxAge\":null,\"expires\":null,\"secure\":true,\"httpOnly\":true,\"path\":\"/\"}}'),('fzRnLM2ycgGzehJN2TtRqvHBErsvtTFd',1578330742,'{\"cookie\":{\"originalMaxAge\":null,\"expires\":null,\"secure\":true,\"httpOnly\":true,\"path\":\"/\"}}'),('g8ZhOrgtabTm6ZhG_NRMhX1KJFmPOs6u',1578304867,'{\"cookie\":{\"originalMaxAge\":null,\"expires\":null,\"secure\":true,\"httpOnly\":true,\"path\":\"/\"}}'),('gAtwT472EzQDWWYR8aBMbJxArg2hBLGn',1578300998,'{\"cookie\":{\"originalMaxAge\":null,\"expires\":null,\"secure\":true,\"httpOnly\":true,\"path\":\"/\"}}'),('gBmezDH8KMNHDdcy5np47dUxScn7Lh0N',1578330508,'{\"cookie\":{\"originalMaxAge\":null,\"expires\":null,\"secure\":true,\"httpOnly\":true,\"path\":\"/\"}}'),('gI3rtxggB6bvmFKkKOoJ3UbFsDpXYn_z',1578328065,'{\"cookie\":{\"originalMaxAge\":null,\"expires\":null,\"secure\":true,\"httpOnly\":true,\"path\":\"/\"}}'),('g_Xk4rj_s-x6ZQQLK5QZ-JPS3FRmgGxK',1578334814,'{\"cookie\":{\"originalMaxAge\":null,\"expires\":null,\"secure\":true,\"httpOnly\":true,\"path\":\"/\"}}'),('ggxGbEbPqQrc0NYdvih1rwg9KndxGvoJ',1578331014,'{\"cookie\":{\"originalMaxAge\":null,\"expires\":null,\"secure\":true,\"httpOnly\":true,\"path\":\"/\"}}'),('h2c3-uNGifMkWeSdBAwDe8zJbEPnOEzM',1578330953,'{\"cookie\":{\"originalMaxAge\":null,\"expires\":null,\"secure\":true,\"httpOnly\":true,\"path\":\"/\"}}'),('h2wuLUgCgwrd4a76MBNcdaMYnfSBcS7p',1578333384,'{\"cookie\":{\"originalMaxAge\":null,\"expires\":null,\"secure\":true,\"httpOnly\":true,\"path\":\"/\"}}'),('h8xjymwbATm46TN54qMxdjuelte3D6ew',1578304399,'{\"cookie\":{\"originalMaxAge\":null,\"expires\":null,\"secure\":true,\"httpOnly\":true,\"path\":\"/\"}}'),('hCkM88UL4HOUYQZ9bMyDKvax7wxytHie',1578331098,'{\"cookie\":{\"originalMaxAge\":null,\"expires\":null,\"secure\":true,\"httpOnly\":true,\"path\":\"/\"},\"authenticated\":null,\"user\":null}'),('hGH5_pYyeOe0Vc73UQfD69qFrpU6Xfkf',1578329251,'{\"cookie\":{\"originalMaxAge\":null,\"expires\":null,\"secure\":true,\"httpOnly\":true,\"path\":\"/\"}}'),('hIbKUgCaa_oTALoItbkxVBIUumlqgssh',1578328101,'{\"cookie\":{\"originalMaxAge\":null,\"expires\":null,\"secure\":true,\"httpOnly\":true,\"path\":\"/\"},\"user\":{\"id\":1,\"name\":\"Erod Nelps\",\"email\":\"erodnelps@gmail.com\",\"type\":null,\"rating\":null}}'),('hKEaTOFHggSk7LTRSqmeqzcxFHw9fVal',1578330252,'{\"cookie\":{\"originalMaxAge\":null,\"expires\":null,\"secure\":true,\"httpOnly\":true,\"path\":\"/\"}}'),('hNJZJnuTMZzmKhyb6yFW1M6YCOnTDkmD',1578304624,'{\"cookie\":{\"originalMaxAge\":null,\"expires\":null,\"secure\":true,\"httpOnly\":true,\"path\":\"/\"}}'),('iU4sQAlZY76GhyUM7OyLErcE6z-kPILJ',1578304360,'{\"cookie\":{\"originalMaxAge\":null,\"expires\":null,\"secure\":true,\"httpOnly\":true,\"path\":\"/\"}}'),('irKbdC41qHl_TzwSETmRFovLjHUDCCTQ',1578254172,'{\"cookie\":{\"originalMaxAge\":3600000,\"expires\":\"2020-01-05T19:56:12.363Z\",\"secure\":true,\"httpOnly\":true,\"path\":\"/\"}}'),('jHlremZrqKmI5T_7qPO_7yg5EJ6-1lgT',1578333410,'{\"cookie\":{\"originalMaxAge\":null,\"expires\":null,\"secure\":true,\"httpOnly\":true,\"path\":\"/\"}}'),('jIRNLtNWzwl0jisArccvdOO7jG47-3cn',1578258959,'{\"cookie\":{\"originalMaxAge\":3599998,\"expires\":\"2020-01-05T21:15:58.697Z\",\"secure\":false,\"httpOnly\":true,\"path\":\"/\"},\"authenticated\":true,\"user\":{\"id\":2,\"name\":\"Derek Zohar\",\"email\":\"derekzohar@gmail.com\",\"type\":\"seller\",\"rating\":null},\"isAuthenticated\":false,\"authUser\":null}'),('jivty2g0iKcAUvXFg-BzHCEAdEO7pQdF',1578329388,'{\"cookie\":{\"originalMaxAge\":null,\"expires\":null,\"secure\":true,\"httpOnly\":true,\"path\":\"/\"}}'),('jn10EqAnlNJukrBYwxode36JRp5Pp8bE',1578333374,'{\"cookie\":{\"originalMaxAge\":null,\"expires\":null,\"secure\":true,\"httpOnly\":true,\"path\":\"/\"},\"authenticated\":true,\"user\":{\"id\":1,\"name\":\"Erod Nelps\",\"email\":\"erodnelps@gmail.com\",\"type\":\"bidder\",\"rating\":null}}'),('k0QHLRu_pvtgxZOkGOPQ_f_pGcyOyJFc',1578333911,'{\"cookie\":{\"originalMaxAge\":null,\"expires\":null,\"secure\":true,\"httpOnly\":true,\"path\":\"/\"}}'),('kB_r468KlSM969yBTvXdIbuCTHvMCmtO',1578331606,'{\"cookie\":{\"originalMaxAge\":null,\"expires\":null,\"secure\":true,\"httpOnly\":true,\"path\":\"/\"}}'),('kMXnghSIb5NVXQfoL_TyO44_5n_toOfx',1578297542,'{\"cookie\":{\"originalMaxAge\":null,\"expires\":null,\"secure\":true,\"httpOnly\":true,\"path\":\"/\"}}'),('kUmz4-X1RJg4FXT7uMk9ODKA_1ZfDcxo',1578330274,'{\"cookie\":{\"originalMaxAge\":null,\"expires\":null,\"secure\":true,\"httpOnly\":true,\"path\":\"/\"}}'),('kZ3Cty5qJSF6xe3lXdJrppBsQkdy4Hfx',1578333417,'{\"cookie\":{\"originalMaxAge\":null,\"expires\":null,\"secure\":true,\"httpOnly\":true,\"path\":\"/\"},\"authenticated\":true,\"user\":{\"id\":1,\"name\":\"Erod Nelps\",\"email\":\"erodnelps@gmail.com\",\"type\":\"bidder\",\"rating\":null}}'),('kp6DG9uEo8tVtNVCXOH6FuP2Ghwv2VC5',1578304867,'{\"cookie\":{\"originalMaxAge\":null,\"expires\":null,\"secure\":true,\"httpOnly\":true,\"path\":\"/\"}}'),('l4QTf-FLbZE51SCQYpbyydYMHfJw7v7J',1578305394,'{\"cookie\":{\"originalMaxAge\":null,\"expires\":null,\"secure\":true,\"httpOnly\":true,\"path\":\"/\"}}'),('lIHFXt8PeyXwmvEdo4XOd22yHxRXU2WV',1578331611,'{\"cookie\":{\"originalMaxAge\":null,\"expires\":null,\"secure\":true,\"httpOnly\":true,\"path\":\"/\"}}'),('lQ4Ldt8HGhDT03YE9l3HbGNW4CY3ApdD',1578333962,'{\"cookie\":{\"originalMaxAge\":null,\"expires\":null,\"secure\":true,\"httpOnly\":true,\"path\":\"/\"}}'),('lVx6l6PlOQsEvALEyr_7m36Um-Nb5ONS',1578330443,'{\"cookie\":{\"originalMaxAge\":null,\"expires\":null,\"secure\":true,\"httpOnly\":true,\"path\":\"/\"}}'),('lnb35drzFQTI9wHXbhame9a7DG_1oqel',1578333215,'{\"cookie\":{\"originalMaxAge\":null,\"expires\":null,\"secure\":true,\"httpOnly\":true,\"path\":\"/\"},\"authenticated\":true,\"user\":{\"id\":1,\"name\":\"Erod Nelps\",\"email\":\"erodnelps@gmail.com\",\"type\":\"bidder\",\"rating\":null}}'),('m1qGl44zLPISr-CL0UDBgRy2bynLPmpJ',1578332235,'{\"cookie\":{\"originalMaxAge\":null,\"expires\":null,\"secure\":true,\"httpOnly\":true,\"path\":\"/\"}}'),('m504sHU0HMi8rfxl2lTcz60zud1uT68y',1578328265,'{\"cookie\":{\"originalMaxAge\":null,\"expires\":null,\"secure\":true,\"httpOnly\":true,\"path\":\"/\"}}'),('mWBIRj94L_c7DMu_TVoCNH4SscfGs3X7',1578333422,'{\"cookie\":{\"originalMaxAge\":null,\"expires\":null,\"secure\":true,\"httpOnly\":true,\"path\":\"/\"}}'),('n9hUaaph_IZObkB7r4T2SB73QiMawIKj',1578304399,'{\"cookie\":{\"originalMaxAge\":null,\"expires\":null,\"secure\":true,\"httpOnly\":true,\"path\":\"/\"}}'),('nik0gSiyMxlzGSVhpb8U43WztTua9At8',1578331923,'{\"cookie\":{\"originalMaxAge\":null,\"expires\":null,\"secure\":true,\"httpOnly\":true,\"path\":\"/\"},\"authenticated\":true,\"user\":{\"id\":1,\"name\":\"Erod Nelps\",\"email\":\"erodnelps@gmail.com\",\"type\":\"bidder\",\"rating\":null}}'),('nrQn2jL0-ehNiQuzOFdGKwc1Ry_nW-av',1578331396,'{\"cookie\":{\"originalMaxAge\":null,\"expires\":null,\"secure\":true,\"httpOnly\":true,\"path\":\"/\"}}'),('oBwQQnc9WtmgNtZ3QxNIvq42EC0WqcbH',1578304359,'{\"cookie\":{\"originalMaxAge\":null,\"expires\":null,\"secure\":true,\"httpOnly\":true,\"path\":\"/\"}}'),('oR7LrqqXs70cQBBh_pRNQxCXVUXODIeu',1578330965,'{\"cookie\":{\"originalMaxAge\":null,\"expires\":null,\"secure\":true,\"httpOnly\":true,\"path\":\"/\"}}'),('oUZIG6ljVPnRQ6bFMRSbzIGa6VoV7hAt',1578331396,'{\"cookie\":{\"originalMaxAge\":null,\"expires\":null,\"secure\":true,\"httpOnly\":true,\"path\":\"/\"},\"authenticated\":true,\"user\":{\"id\":1,\"name\":\"Erod Nelps\",\"email\":\"erodnelps@gmail.com\",\"type\":\"bidder\",\"rating\":null}}'),('odNRwJVh3FTS9bOt1MTQRpnFYQNIsqGv',1578331418,'{\"cookie\":{\"originalMaxAge\":null,\"expires\":null,\"secure\":true,\"httpOnly\":true,\"path\":\"/\"}}'),('olLT-yx42OhpNb2lyRwgzavSxlzjDw6u',1578313984,'{\"cookie\":{\"originalMaxAge\":null,\"expires\":null,\"secure\":true,\"httpOnly\":true,\"path\":\"/\"}}'),('owb_dRkh_wBFMq-et4qogFODvjW6TaZ7',1578330897,'{\"cookie\":{\"originalMaxAge\":null,\"expires\":null,\"secure\":true,\"httpOnly\":true,\"path\":\"/\"}}'),('ozUNGGPb9flPeZOHBm0GHOLXKqG-hhZN',1578330513,'{\"cookie\":{\"originalMaxAge\":null,\"expires\":null,\"secure\":true,\"httpOnly\":true,\"path\":\"/\"}}'),('p5P0OQ_A5GDcJAcf5Pp8dQh5kwmJ2mih',1578304458,'{\"cookie\":{\"originalMaxAge\":null,\"expires\":null,\"secure\":true,\"httpOnly\":true,\"path\":\"/\"}}'),('p7xAQGHUuLDHrjRX7VG0FXNRhdnZEfB8',1578330512,'{\"cookie\":{\"originalMaxAge\":null,\"expires\":null,\"secure\":true,\"httpOnly\":true,\"path\":\"/\"}}'),('pIklU-a9lcwlcYBun28kH60ZhTtbyDyy',1578314121,'{\"cookie\":{\"originalMaxAge\":null,\"expires\":null,\"secure\":true,\"httpOnly\":true,\"path\":\"/\"}}'),('pR0W1sUq2_ihfd6UBZjTZ4GWRlG757fQ',1578329259,'{\"cookie\":{\"originalMaxAge\":null,\"expires\":null,\"secure\":true,\"httpOnly\":true,\"path\":\"/\"},\"authenticated\":true,\"user\":{\"id\":1,\"name\":\"Erod Nelps\",\"email\":\"erodnelps@gmail.com\",\"type\":\"bidder\",\"rating\":null}}'),('pfo-854HIdGAF14o0wjXVZnuyPr5tY8i',1578331115,'{\"cookie\":{\"originalMaxAge\":null,\"expires\":null,\"secure\":true,\"httpOnly\":true,\"path\":\"/\"},\"authenticated\":null,\"user\":null}'),('psyx8xYZ7IOnGsDkmW44NXVnLYlDbxC_',1578334870,'{\"cookie\":{\"originalMaxAge\":null,\"expires\":null,\"secure\":true,\"httpOnly\":true,\"path\":\"/\"}}'),('pvzQCOIzWhQT7MriDm6HHMHDBNGetpJ5',1578304458,'{\"cookie\":{\"originalMaxAge\":null,\"expires\":null,\"secure\":true,\"httpOnly\":true,\"path\":\"/\"}}'),('qKv62PdYJIGKfslLMG0p2G6CETZQaU8i',1578332239,'{\"cookie\":{\"originalMaxAge\":null,\"expires\":null,\"secure\":true,\"httpOnly\":true,\"path\":\"/\"},\"authenticated\":true,\"user\":{\"id\":1,\"name\":\"Erod Nelps\",\"email\":\"erodnelps@gmail.com\",\"type\":\"bidder\",\"rating\":null}}'),('qNyo1uHkUME2jCMuZO4Au-df5jo0jvrF',1578304457,'{\"cookie\":{\"originalMaxAge\":null,\"expires\":null,\"secure\":true,\"httpOnly\":true,\"path\":\"/\"}}'),('r7tcVkf1WhE0jrfRBJx12-DJlc_DaqLx',1578330742,'{\"cookie\":{\"originalMaxAge\":null,\"expires\":null,\"secure\":true,\"httpOnly\":true,\"path\":\"/\"}}'),('rJNdAOkWYlNsb5Kk5_4WbTCLzyXurrtp',1578328235,'{\"cookie\":{\"originalMaxAge\":null,\"expires\":null,\"secure\":true,\"httpOnly\":true,\"path\":\"/\"}}'),('rSf7DfChHms2y0RqJj0a_WIeIXbPI2cQ',1578333274,'{\"cookie\":{\"originalMaxAge\":null,\"expires\":null,\"secure\":true,\"httpOnly\":true,\"path\":\"/\"}}'),('rvZSZUpDc2kvDROLjEgbZX2k3pb50fWu',1578304365,'{\"cookie\":{\"originalMaxAge\":null,\"expires\":null,\"secure\":true,\"httpOnly\":true,\"path\":\"/\"}}'),('rx4W3jiWRsI-9zEGhvUi5tyDD6PNj5ql',1578305135,'{\"cookie\":{\"originalMaxAge\":null,\"expires\":null,\"secure\":true,\"httpOnly\":true,\"path\":\"/\"}}'),('sOozlCeZAvRRCaTZChBh0QQqr8Cw2UsT',1578252954,'{\"cookie\":{\"originalMaxAge\":3600000,\"expires\":\"2020-01-05T19:35:53.734Z\",\"secure\":true,\"httpOnly\":true,\"path\":\"/\"},\"authenticated\":true,\"user\":{\"id\":1,\"name\":\"Erod Nelps\",\"email\":\"erodnelps@gmail.com\",\"type\":\"bidder\",\"rating\":null}}'),('sQ7X_VxR_kO9WgB_PB7igduOS1Bb0tJi',1578328267,'{\"cookie\":{\"originalMaxAge\":null,\"expires\":null,\"secure\":true,\"httpOnly\":true,\"path\":\"/\"}}'),('sg1ATaZZr1T5DYX2UdCHeZRLmvw2arc5',1578330504,'{\"cookie\":{\"originalMaxAge\":null,\"expires\":null,\"secure\":true,\"httpOnly\":true,\"path\":\"/\"}}'),('skYWBCyT0R6wb7DAz5N5FYRjg8ObchJ-',1578326007,'{\"cookie\":{\"originalMaxAge\":null,\"expires\":null,\"secure\":true,\"httpOnly\":true,\"path\":\"/\"}}'),('tCo0lFVuh7gzeiYvTMdeWrwQ33-vpEyV',1578254165,'{\"cookie\":{\"originalMaxAge\":3600000,\"expires\":\"2020-01-05T19:56:05.372Z\",\"secure\":true,\"httpOnly\":true,\"path\":\"/\"}}'),('tK-p6smdgbWbHEsumCE2nyeGvpY0nRsB',1578305242,'{\"cookie\":{\"originalMaxAge\":null,\"expires\":null,\"secure\":true,\"httpOnly\":true,\"path\":\"/\"}}'),('tVGB59PiLF1Z3qnXQ4v2lyjjrI9jDTjT',1578311127,'{\"cookie\":{\"originalMaxAge\":null,\"expires\":null,\"secure\":true,\"httpOnly\":true,\"path\":\"/\"}}'),('tuBHmzU9rfFYYFpyTgYmNNLLN2nNM1dN',1578304623,'{\"cookie\":{\"originalMaxAge\":null,\"expires\":null,\"secure\":true,\"httpOnly\":true,\"path\":\"/\"}}'),('tzdMZD-exVxu3_ZSsJgbJNYopSl495ca',1578331386,'{\"cookie\":{\"originalMaxAge\":null,\"expires\":null,\"secure\":true,\"httpOnly\":true,\"path\":\"/\"}}'),('uJi14yDPfiMugYh1Ykj9etjtUhCdpP1j',1578333327,'{\"cookie\":{\"originalMaxAge\":null,\"expires\":null,\"secure\":true,\"httpOnly\":true,\"path\":\"/\"}}'),('uL4q-sxqi1LyAp1Gz_IgakpbnSWkaO9V',1578305177,'{\"cookie\":{\"originalMaxAge\":null,\"expires\":null,\"secure\":true,\"httpOnly\":true,\"path\":\"/\"}}'),('uWOU0BOIxJT14nnQqlLCtR3v4YWtfiD5',1578334890,'{\"cookie\":{\"originalMaxAge\":null,\"expires\":null,\"secure\":true,\"httpOnly\":true,\"path\":\"/\"}}'),('vTQOjvl9Q80LP-zTWR4ZD_-KV8KME3yM',1578315429,'{\"cookie\":{\"originalMaxAge\":null,\"expires\":null,\"secure\":true,\"httpOnly\":true,\"path\":\"/\"}}'),('v_kgICDusSO1Hcb3MnjI98_mm4TY32aT',1578333412,'{\"cookie\":{\"originalMaxAge\":null,\"expires\":null,\"secure\":true,\"httpOnly\":true,\"path\":\"/\"}}'),('vq183cHthX3jKOEJEtrkLjevikivxSzb',1578314005,'{\"cookie\":{\"originalMaxAge\":null,\"expires\":null,\"secure\":true,\"httpOnly\":true,\"path\":\"/\"}}'),('vxiQDHxRHHg5IDidLBadg2PYksgIuaHK',1578331008,'{\"cookie\":{\"originalMaxAge\":null,\"expires\":null,\"secure\":true,\"httpOnly\":true,\"path\":\"/\"}}'),('w0hN9xD0x84aDypAD0AqYycrANsy9Ke3',1578304458,'{\"cookie\":{\"originalMaxAge\":null,\"expires\":null,\"secure\":true,\"httpOnly\":true,\"path\":\"/\"}}'),('w52Men8IhFthCwCoVYUX9CGiHzAfi6SH',1578333339,'{\"cookie\":{\"originalMaxAge\":null,\"expires\":null,\"secure\":true,\"httpOnly\":true,\"path\":\"/\"}}'),('wJJlI_cplC6QcB0GwSDWSR_yJ5sxKTSC',1578333420,'{\"cookie\":{\"originalMaxAge\":null,\"expires\":null,\"secure\":true,\"httpOnly\":true,\"path\":\"/\"}}'),('wYru2GoagI9jbqvSF7apFwawaJtyR0HV',1578333333,'{\"cookie\":{\"originalMaxAge\":null,\"expires\":null,\"secure\":true,\"httpOnly\":true,\"path\":\"/\"},\"authenticated\":true,\"user\":{\"id\":1,\"name\":\"Erod Nelps\",\"email\":\"erodnelps@gmail.com\",\"type\":\"bidder\",\"rating\":null}}'),('waug0407tvi9JIak-az_xJA2q20dcsMl',1578331422,'{\"cookie\":{\"originalMaxAge\":null,\"expires\":null,\"secure\":true,\"httpOnly\":true,\"path\":\"/\"},\"authenticated\":true,\"user\":{\"id\":1,\"name\":\"Erod Nelps\",\"email\":\"erodnelps@gmail.com\",\"type\":\"bidder\",\"rating\":null}}'),('wbL06Uc2wTnIEEVgdlNyDAzVd6IwV6If',1578333167,'{\"cookie\":{\"originalMaxAge\":null,\"expires\":null,\"secure\":true,\"httpOnly\":true,\"path\":\"/\"}}'),('wt4u_IAXnGyN3ZA2l50FhvoLdgwZ2_CI',1578330992,'{\"cookie\":{\"originalMaxAge\":null,\"expires\":null,\"secure\":true,\"httpOnly\":true,\"path\":\"/\"}}'),('wu6KGbAWXQATLsu8CHSiAcLVlToPbZEc',1578329284,'{\"cookie\":{\"originalMaxAge\":null,\"expires\":null,\"secure\":true,\"httpOnly\":true,\"path\":\"/\"}}'),('xj7U637juWs1N7x1Ytzk7caYsd-24tgJ',1578311000,'{\"cookie\":{\"originalMaxAge\":null,\"expires\":null,\"secure\":true,\"httpOnly\":true,\"path\":\"/\"}}'),('xo9hMsTmdSr8RlQZZoOLPSew6UFolhzb',1578333943,'{\"cookie\":{\"originalMaxAge\":null,\"expires\":null,\"secure\":true,\"httpOnly\":true,\"path\":\"/\"},\"authenticated\":true,\"user\":{\"id\":1,\"name\":\"Erod Nelps\",\"email\":\"erodnelps@gmail.com\",\"type\":\"bidder\",\"rating\":null}}'),('ylQJvyTccZ7H1Enb2XbaoiycINefG5yD',1578330992,'{\"cookie\":{\"originalMaxAge\":null,\"expires\":null,\"secure\":true,\"httpOnly\":true,\"path\":\"/\"}}'),('zCPE3C63OHClvMz9fZ_1idROTeedt_dd',1578332659,'{\"cookie\":{\"originalMaxAge\":null,\"expires\":null,\"secure\":true,\"httpOnly\":true,\"path\":\"/\"}}'),('zDBiZbOmcnQs7KLOy6VST_stdTsd7Ke6',1578310999,'{\"cookie\":{\"originalMaxAge\":null,\"expires\":null,\"secure\":true,\"httpOnly\":true,\"path\":\"/\"}}'),('zZVd75_aOhxhPPjYVXlrXGiM6__FOLFG',1578313984,'{\"cookie\":{\"originalMaxAge\":null,\"expires\":null,\"secure\":true,\"httpOnly\":true,\"path\":\"/\"}}'),('zdFyX7PbEHJPkbUOZ7nhhlVSyJo_oVOO',1578334820,'{\"cookie\":{\"originalMaxAge\":null,\"expires\":null,\"secure\":true,\"httpOnly\":true,\"path\":\"/\"}}'),('zpKCsvaDaiBlGFJmDugsDBOZL86mNQPe',1578333385,'{\"cookie\":{\"originalMaxAge\":null,\"expires\":null,\"secure\":true,\"httpOnly\":true,\"path\":\"/\"}}'),('ztVf7ZlTz4KnTEVRzil3aXY7rxIgbXcK',1578333909,'{\"cookie\":{\"originalMaxAge\":null,\"expires\":null,\"secure\":true,\"httpOnly\":true,\"path\":\"/\"}}'),('zuMa9Chu7_3L2nkb4vmFRndDRm4GjEUd',1578333411,'{\"cookie\":{\"originalMaxAge\":null,\"expires\":null,\"secure\":true,\"httpOnly\":true,\"path\":\"/\"}}');
/*!40000 ALTER TABLE `sessions` ENABLE KEYS */;
UNLOCK TABLES;

--
-- Table structure for table `user`
--

DROP TABLE IF EXISTS `user`;
/*!40101 SET @saved_cs_client     = @@character_set_client */;
/*!50503 SET character_set_client = utf8mb4 */;
CREATE TABLE `user` (
  `id` int(11) NOT NULL AUTO_INCREMENT,
  `name` varchar(100) NOT NULL,
  `email` varchar(100) NOT NULL,
  `password` varchar(255) NOT NULL,
  `type` varchar(45) DEFAULT NULL,
  `rating` float DEFAULT NULL,
  `request`  varchar(10) DEFAULT NULL,
  PRIMARY KEY (`id`),
  UNIQUE KEY `email_UNIQUE` (`email`)
) ENGINE=InnoDB AUTO_INCREMENT=4 DEFAULT CHARSET=utf8mb4 COLLATE=utf8mb4_0900_ai_ci;
/*!40101 SET character_set_client = @saved_cs_client */;

--
-- Dumping data for table `user`
--

LOCK TABLES `user` WRITE;
/*!40000 ALTER TABLE `user` DISABLE KEYS */;
INSERT INTO `user` VALUES (1,'Erod Nelps','erodnelps@gmail.com','$2a$10$PFlKvjXDXnF9xkgFCn8XEu02WSlIswunEqCPm6r9sjwweniDPTc/y','bidder',NULL,NULL),(2,'Derek Zohar','derekzohar@gmail.com','$2a$10$HLXCmxXJAziwS5I0RUIgSeyF4FgIedu4hoKtQZR1AN6z/M9qCv/L.','seller',NULL, NULL),(3,'Lena','lena@gmail.com','$2a$10$jZUexXSHXxLEKJQOT1yUD.1DR8v9LIE1JaXJaCXzA.j/0yAQqvIyO','admin',NULL, NULL);
/*!40000 ALTER TABLE `user` ENABLE KEYS */;
UNLOCK TABLES;

--
-- Dumping events for database 'auction'
--

--
-- Dumping routines for database 'auction'
--
/*!50003 DROP PROCEDURE IF EXISTS `Refresh` */;
/*!50003 SET @saved_cs_client      = @@character_set_client */ ;
/*!50003 SET @saved_cs_results     = @@character_set_results */ ;
/*!50003 SET @saved_col_connection = @@collation_connection */ ;
/*!50003 SET character_set_client  = utf8mb4 */ ;
/*!50003 SET character_set_results = utf8mb4 */ ;
/*!50003 SET collation_connection  = utf8mb4_0900_ai_ci */ ;
/*!50003 SET @saved_sql_mode       = @@sql_mode */ ;
/*!50003 SET sql_mode              = 'STRICT_TRANS_TABLES,NO_ENGINE_SUBSTITUTION' */ ;
DELIMITER ;;
CREATE DEFINER=`root`@`localhost` PROCEDURE `Refresh`()
BEGIN
update product set status = 'sold' where end < now() and status = 'bidding' and bids > 0;
update product set status = 'expired' where end < now() and status = 'bidding' and bids = 0;
END ;;
DELIMITER ;
/*!50003 SET sql_mode              = @saved_sql_mode */ ;
/*!50003 SET character_set_client  = @saved_cs_client */ ;
/*!50003 SET character_set_results = @saved_cs_results */ ;
/*!50003 SET collation_connection  = @saved_col_connection */ ;
/*!40103 SET TIME_ZONE=@OLD_TIME_ZONE */;

/*!40101 SET SQL_MODE=@OLD_SQL_MODE */;
/*!40014 SET FOREIGN_KEY_CHECKS=@OLD_FOREIGN_KEY_CHECKS */;
/*!40014 SET UNIQUE_CHECKS=@OLD_UNIQUE_CHECKS */;
/*!40101 SET CHARACTER_SET_CLIENT=@OLD_CHARACTER_SET_CLIENT */;
/*!40101 SET CHARACTER_SET_RESULTS=@OLD_CHARACTER_SET_RESULTS */;
/*!40101 SET COLLATION_CONNECTION=@OLD_COLLATION_CONNECTION */;
/*!40111 SET SQL_NOTES=@OLD_SQL_NOTES */;

-- Dump completed on 2020-01-06  3:23:36
